date,max_temp,rainfall,mean_temp,mean_rainfall
1971-01-01,26.6,115.0,19.259999999999994,51.775000000000006
1971-02-01,25.1,109.6,19.25166666666666,52.44166666666667
1971-03-01,24.2,24.3,19.261666666666663,51.62166666666667
1971-04-01,20.5,19.3,19.264999999999993,51.88666666666667
1971-05-01,15.1,23.1,19.27666666666666,51.64
1971-06-01,12.4,4.8,19.29333333333333,50.98500000000001
1971-07-01,11.1,13.5,19.311666666666664,50.72833333333334
1971-08-01,12.4,47.6,19.314999999999998,50.708333333333336
1971-09-01,16.1,43.7,19.336666666666666,50.34166666666666
1971-10-01,19.8,37.4,19.366666666666667,49.46833333333333
1971-11-01,20.7,82.6,19.35333333333333,49.09166666666667
1971-12-01,25.3,95.1,19.381666666666664,49.41166666666667
1972-01-01,24.0,60.5,19.333333333333332,49.480000000000004
1972-02-01,24.8,45.9,19.293333333333333,49.998333333333335
1972-03-01,24.0,23.9,19.298333333333336,50.226666666666674
1972-04-01,19.9,22.0,19.271666666666665,50.44500000000001
1972-05-01,16.7,39.1,19.26666666666667,50.80166666666666
1972-06-01,13.2,9.0,19.255000000000003,50.678333333333335
1972-07-01,11.9,6.8,19.253333333333337,50.58500000000001
1972-08-01,13.8,68.0,19.280000000000005,50.22333333333334
1972-09-01,19.5,12.6,19.33666666666667,49.90833333333334
1972-10-01,20.7,53.0,19.340000000000007,49.970000000000006
1972-11-01,23.0,52.0,19.315000000000005,50.09166666666667
1972-12-01,29.7,3.3,19.370000000000005,50.14666666666667
1973-01-01,31.2,46.7,19.40000000000001,50.285000000000004
1973-02-01,26.2,135.0,19.303333333333338,52.535000000000004
1973-03-01,24.1,46.6,19.24833333333334,52.77666666666667
1973-04-01,20.8,8.2,19.228333333333335,52.26833333333334
1973-05-01,15.8,52.2,19.288333333333334,50.90166666666666
1973-06-01,12.0,29.6,19.31,51.01999999999999
1973-07-01,12.6,70.5,19.35333333333333,51.82166666666665
1973-08-01,13.1,64.1,19.379999999999995,51.918333333333315
1973-09-01,16.9,38.2,19.406666666666663,52.348333333333315
1973-10-01,18.7,104.2,19.404999999999994,53.24333333333332
1973-11-01,21.6,117.3,19.394999999999996,54.80333333333331
1973-12-01,25.9,42.4,19.41166666666667,54.143333333333324
1974-01-01,25.9,105.8,19.34,55.62333333333332
1974-02-01,26.0,87.6,19.323333333333338,55.30666666666664
1974-03-01,24.6,43.8,19.328333333333333,55.19999999999998
1974-04-01,18.4,164.4,19.306666666666672,56.56666666666665
1974-05-01,16.0,49.8,19.341666666666676,56.698333333333316
1974-06-01,12.2,21.8,19.353333333333342,56.08333333333333
1974-07-01,10.8,43.2,19.340000000000007,56.06166666666665
1974-08-01,12.2,156.2,19.310000000000006,57.81499999999998
1974-09-01,14.0,64.2,19.32166666666667,58.20833333333332
1974-10-01,17.7,145.6,19.290000000000003,58.30999999999998
1974-11-01,20.2,92.0,19.27500000000001,58.271666666666654
1974-12-01,25.9,2.6,19.298333333333343,57.77499999999999
1975-01-01,27.2,72.0,19.34333333333334,57.98333333333333
1975-02-01,26.2,109.2,19.328333333333337,58.22333333333333
1975-03-01,22.2,47.2,19.316666666666674,58.00999999999999
1975-04-01,19.0,50.2,19.301666666666673,57.98833333333332
1975-05-01,15.7,15.2,19.331666666666674,57.67166666666665
1975-06-01,12.6,83.4,19.335000000000004,58.57166666666665
1975-07-01,12.9,72.2,19.356666666666673,59.70499999999999
1975-08-01,12.8,37.8,19.36666666666667,59.426666666666655
1975-09-01,16.4,102.2,19.411666666666672,59.20166666666665
1975-10-01,17.7,111.0,19.376666666666672,60.51999999999998
1975-11-01,23.2,39.0,19.411666666666672,59.30999999999998
1975-12-01,27.0,31.6,19.43666666666667,58.58499999999997
1976-01-01,25.1,79.0,19.411666666666672,57.98499999999998
1976-02-01,25.0,81.0,19.410000000000007,57.508333333333304
1976-03-01,23.6,29.8,19.4,57.59999999999998
1976-04-01,19.3,41.6,19.38,57.97166666666664
1976-05-01,16.4,0.8,19.401666666666667,57.59999999999998
1976-06-01,13.0,12.0,19.411666666666672,57.719999999999985
1976-07-01,12.2,30.0,19.430000000000003,57.99499999999998
1976-08-01,13.4,23.4,19.446666666666673,57.591666666666654
1976-09-01,15.5,65.0,19.43666666666667,57.94666666666665
1976-10-01,16.6,161.0,19.38333333333334,60.00666666666665
1976-11-01,21.1,49.6,19.390000000000004,59.45666666666666
1976-12-01,26.8,19.6,19.415000000000006,58.198333333333316
1977-01-01,28.5,28.4,19.490000000000002,57.66333333333332
1977-02-01,28.0,148.2,19.543333333333337,59.36833333333332
1977-03-01,23.0,62.8,19.526666666666667,60.01666666666666
1977-04-01,19.1,51.0,19.513333333333332,60.49999999999999
1977-05-01,14.3,73.4,19.473333333333336,61.07166666666665
1977-06-01,11.9,28.2,19.451666666666668,61.39166666666665
1977-07-01,10.2,9.4,19.42333333333334,61.43499999999999
1977-08-01,14.7,21.0,19.438333333333336,60.65166666666666
1977-09-01,15.2,79.2,19.36666666666667,61.761666666666656
1977-10-01,22.0,2.4,19.388333333333335,60.91833333333333
1977-11-01,25.3,4.4,19.42666666666667,60.125
1977-12-01,28.3,4.6,19.40333333333334,60.14666666666666
1978-01-01,26.6,136.6,19.32666666666666,61.644999999999996
1978-02-01,28.2,4.0,19.36,59.461666666666666
1978-03-01,25.0,122.0,19.374999999999996,60.718333333333334
1978-04-01,19.2,42.6,19.348333333333336,61.291666666666664
1978-05-01,16.4,74.6,19.358333333333338,61.66499999999999
1978-06-01,11.1,40.8,19.34333333333333,61.851666666666674
1978-07-01,10.1,51.0,19.301666666666666,61.52666666666667
1978-08-01,12.5,13.2,19.291666666666664,60.67833333333333
1978-09-01,14.5,150.6,19.251666666666665,62.55166666666666
1978-10-01,19.0,25.2,19.256666666666664,61.23499999999999
1978-11-01,21.9,51.2,19.261666666666667,60.133333333333326
1978-12-01,23.9,59.2,19.228333333333335,60.41333333333332
1979-01-01,31.7,6.0,19.325000000000003,58.749999999999986
1979-02-01,29.7,0.8,19.38666666666667,57.30333333333331
1979-03-01,24.1,129.8,19.378333333333337,58.73666666666666
1979-04-01,18.5,55.4,19.380000000000003,56.91999999999999
1979-05-01,14.7,12.2,19.358333333333334,56.29333333333332
1979-06-01,13.4,4.0,19.378333333333337,55.996666666666655
1979-07-01,11.9,6.0,19.39666666666667,55.37666666666666
1979-08-01,12.9,43.4,19.408333333333342,53.496666666666655
1979-09-01,15.7,42.4,19.436666666666675,53.133333333333326
1979-10-01,19.8,36.0,19.471666666666675,51.30666666666666
1979-11-01,24.5,55.2,19.54333333333334,50.69333333333332
1979-12-01,29.6,1.0,19.605000000000008,50.66666666666666
1980-01-01,26.5,77.0,19.59333333333334,50.74999999999999
1980-02-01,28.6,57.2,19.633333333333333,49.883333333333326
1980-03-01,27.2,9.6,19.716666666666665,49.25666666666665
1980-04-01,22.5,1.0,19.775000000000002,48.43666666666665
1980-05-01,16.5,44.2,19.788333333333334,48.91999999999998
1980-06-01,12.6,31.0,19.788333333333334,48.04666666666665
1980-07-01,11.3,36.2,19.761666666666663,47.44666666666665
1980-08-01,13.9,22.2,19.779999999999998,47.186666666666646
1980-09-01,17.7,27.4,19.80166666666667,45.93999999999999
1980-10-01,21.7,47.0,19.868333333333336,44.87333333333332
1980-11-01,25.3,55.4,19.90333333333334,45.14666666666665
1980-12-01,27.6,68.6,19.913333333333338,45.763333333333314
1981-01-01,31.6,32.0,20.02166666666667,44.97999999999998
1981-02-01,27.0,140.2,20.055000000000003,45.966666666666654
1981-03-01,24.4,19.8,20.068333333333335,45.79999999999998
1981-04-01,21.8,12.6,20.11,45.316666666666656
1981-05-01,15.6,46.8,20.096666666666668,46.08333333333333
1981-06-01,10.9,110.4,20.061666666666667,47.72333333333333
1981-07-01,10.4,72.8,20.03166666666667,48.43666666666666
1981-08-01,11.5,57.8,20.000000000000004,49.010000000000005
1981-09-01,17.9,24.2,20.040000000000006,48.330000000000005
1981-10-01,20.5,29.4,20.105000000000008,46.13666666666668
1981-11-01,21.1,69.0,20.105000000000004,46.460000000000015
1981-12-01,26.3,36.4,20.09666666666667,46.740000000000016
1982-01-01,30.2,18.2,20.125000000000004,46.570000000000014
1982-02-01,29.8,18.4,20.155000000000005,44.40666666666668
1982-03-01,23.9,97.4,20.17,44.983333333333356
1982-04-01,19.9,7.6,20.183333333333334,44.26000000000002
1982-05-01,15.9,0.0,20.21,43.036666666666676
1982-06-01,11.9,14.8,20.21,42.813333333333354
1982-07-01,11.5,3.8,20.23166666666667,42.72000000000002
1982-08-01,17.2,10.8,20.273333333333337,42.550000000000026
1982-09-01,16.5,53.2,20.295000000000005,42.11666666666668
1982-10-01,21.4,10.8,20.285000000000007,42.25666666666668
1982-11-01,28.7,0.2,20.341666666666676,42.18666666666668
1982-12-01,27.8,26.4,20.33333333333334,42.55000000000002
1983-01-01,29.4,28.6,20.380000000000006,40.75000000000001
1983-02-01,30.8,33.2,20.423333333333336,41.23666666666667
1983-03-01,26.6,63.6,20.449999999999996,40.263333333333335
1983-04-01,17.2,47.2,20.416666666666664,40.34
1983-05-01,15.1,96.4,20.394999999999996,40.70333333333335
1983-06-01,10.5,28.8,20.384999999999998,40.50333333333334
1983-07-01,10.8,29.2,20.396666666666665,40.13999999999999
1983-08-01,13.0,50.2,20.404999999999994,40.75666666666666
1983-09-01,15.6,61.4,20.42333333333333,39.27
1983-10-01,18.7,116.6,20.41833333333333,40.79333333333333
1983-11-01,20.6,111.6,20.396666666666658,41.8
1983-12-01,24.8,90.2,20.411666666666655,42.316666666666656
1984-01-01,24.7,185.4,20.294999999999995,45.30666666666666
1984-02-01,25.6,59.2,20.226666666666656,46.279999999999994
1984-03-01,22.1,56.4,20.193333333333324,45.05666666666666
1984-04-01,19.1,97.0,20.203333333333322,45.75
1984-05-01,15.8,16.4,20.221666666666653,45.82000000000001
1984-06-01,13.5,8.4,20.223333333333322,45.89333333333334
1984-07-01,10.7,89.2,20.203333333333326,47.28
1984-08-01,12.8,58.8,20.20166666666666,47.53666666666667
1984-09-01,14.4,62.0,20.179999999999996,47.86333333333334
1984-10-01,19.0,42.6,20.166666666666664,47.973333333333336
1984-11-01,23.4,36.2,20.14833333333333,47.65666666666666
1984-12-01,24.8,28.0,20.06833333333333,48.10666666666666
1985-01-01,29.7,2.8,20.121666666666666,46.87
1985-02-01,27.4,8.8,20.101666666666674,46.06333333333334
1985-03-01,25.6,67.2,20.075000000000003,47.023333333333326
1985-04-01,19.5,24.6,20.025000000000002,47.41666666666666
1985-05-01,16.0,47.6,20.016666666666666,47.47333333333333
1985-06-01,12.1,33.2,20.008333333333333,47.50999999999999
1985-07-01,11.4,24.0,20.009999999999998,47.30666666666666
1985-08-01,12.6,120.2,19.988333333333333,48.93999999999998
1985-09-01,15.6,72.6,19.95333333333333,49.69333333333332
1985-10-01,18.8,63.2,19.904999999999994,49.963333333333324
1985-11-01,22.0,73.8,19.84999999999999,50.269999999999996
1985-12-01,24.1,29.8,19.79166666666666,49.62333333333333
1986-01-01,26.3,49.2,19.703333333333326,49.90999999999999
1986-02-01,27.7,0.4,19.714999999999993,47.58
1986-03-01,27.8,2.2,19.77166666666666,47.28666666666666
1986-04-01,21.6,57.4,19.76833333333333,48.033333333333324
1986-05-01,15.8,47.4,19.77166666666666,48.04333333333333
1986-06-01,11.5,6.6,19.781666666666663,46.313333333333325
1986-07-01,11.0,88.8,19.791666666666664,46.58
1986-08-01,13.1,53.8,19.818333333333328,46.513333333333335
1986-09-01,15.8,33.6,19.783333333333328,46.67
1986-10-01,17.0,73.0,19.724999999999998,47.39666666666667
1986-11-01,20.9,96.2,19.72166666666666,47.85
1986-12-01,24.6,21.0,19.69333333333333,47.59333333333334
1987-01-01,29.1,27.2,19.674999999999997,47.74333333333333
1987-02-01,28.6,84.8,19.65499999999999,48.85
1987-03-01,22.4,30.4,19.63,47.73333333333334
1987-04-01,21.7,12.4,19.66,47.81333333333335
1987-05-01,15.2,56.6,19.64833333333333,48.756666666666675
1987-06-01,12.9,40.4,19.665000000000003,49.183333333333344
1987-07-01,11.4,37.8,19.663333333333338,49.750000000000014
1987-08-01,13.2,45.4,19.59666666666667,50.32666666666668
1987-09-01,17.8,24.0,19.618333333333336,49.84000000000001
1987-10-01,18.9,57.8,19.57666666666667,50.62333333333335
1987-11-01,23.6,55.0,19.49166666666667,51.536666666666676
1987-12-01,25.5,116.0,19.453333333333337,53.03000000000001
1988-01-01,31.1,11.6,19.48166666666667,52.74666666666668
1988-02-01,26.3,46.6,19.406666666666663,52.970000000000006
1988-03-01,24.7,16.8,19.374999999999996,52.19000000000001
1988-04-01,19.9,100.8,19.419999999999998,53.08333333333335
1988-05-01,16.0,72.4,19.435,52.683333333333344
1988-06-01,12.1,56.0,19.461666666666662,53.13666666666668
1988-07-01,12.3,99.8,19.486666666666665,54.31333333333335
1988-08-01,13.5,49.8,19.494999999999997,54.306666666666686
1988-09-01,16.4,63.2,19.508333333333333,54.33666666666668
1988-10-01,20.4,29.2,19.536666666666672,52.88000000000002
1988-11-01,23.0,97.4,19.576666666666668,52.643333333333345
1988-12-01,25.4,121.4,19.58666666666667,53.16333333333335
1989-01-01,24.7,23.2,19.58666666666667,50.460000000000015
1989-02-01,27.1,4.8,19.61166666666667,49.553333333333356
1989-03-01,23.4,243.6,19.63333333333334,52.67333333333334
1989-04-01,19.2,187.2,19.635000000000005,54.17666666666667
1989-05-01,15.8,47.0,19.635,54.686666666666675
1989-06-01,11.7,25.0,19.605000000000004,54.96333333333334
1989-07-01,10.6,40.6,19.60333333333334,54.15333333333333
1989-08-01,11.0,24.2,19.573333333333334,53.57666666666666
1989-09-01,16.3,14.0,19.605,52.77666666666666
1989-10-01,19.0,30.4,19.605,52.57333333333333
1989-11-01,22.1,136.2,19.583333333333332,54.23999999999999
1989-12-01,25.4,49.2,19.59333333333333,54.59333333333332
1990-01-01,27.8,35.0,19.561666666666667,55.12999999999999
1990-02-01,25.3,80.8,19.526666666666664,56.32999999999999
1990-03-01,25.1,6.2,19.51833333333333,55.31333333333331
1990-04-01,19.8,137.6,19.52333333333333,57.196666666666644
1990-05-01,15.9,82.2,19.521666666666665,57.77333333333331
1990-06-01,11.2,18.0,19.506666666666664,57.51999999999998
1990-07-01,11.3,55.4,19.505,58.043333333333315
1990-08-01,11.4,44.4,19.485,56.77999999999998
1990-09-01,15.3,32.0,19.48,56.10333333333332
1990-10-01,19.5,58.4,19.491666666666667,56.02333333333332
1990-11-01,24.6,23.2,19.535,55.17999999999998
1990-12-01,29.5,44.0,19.625,55.41666666666665
1991-01-01,29.7,82.2,19.681666666666665,55.96666666666665
1991-02-01,30.5,19.2,19.72833333333333,56.27999999999997
1991-03-01,25.9,16.0,19.696666666666662,56.50999999999998
1991-04-01,20.7,16.2,19.681666666666665,55.82333333333331
1991-05-01,16.8,32.2,19.69833333333333,55.56999999999997
1991-06-01,14.1,97.0,19.741666666666664,57.07666666666664
1991-07-01,11.1,108.0,19.74333333333333,57.39666666666664
1991-08-01,11.6,70.6,19.718333333333327,57.67666666666664
1991-09-01,15.0,57.6,19.704999999999995,58.07666666666664
1991-10-01,21.9,21.8,19.786666666666665,57.223333333333315
1991-11-01,22.7,21.4,19.816666666666663,55.97666666666665
1991-12-01,24.2,56.0,19.809999999999995,56.55999999999998
1992-01-01,26.0,115.0,19.75833333333333,58.02333333333331
1992-02-01,23.9,73.0,19.679999999999996,57.82666666666665
1992-03-01,24.5,54.4,19.715,58.22666666666666
1992-04-01,19.7,33.0,19.68166666666667,58.57
1992-05-01,16.0,38.0,19.695,58.25999999999999
1992-06-01,12.0,23.6,19.68,57.97999999999999
1992-07-01,11.9,16.8,19.688333333333336,57.629999999999995
1992-08-01,12.0,75.0,19.668333333333337,58.12333333333333
1992-09-01,13.9,67.4,19.60333333333334,58.846666666666664
1992-10-01,18.3,78.8,19.593333333333337,59.196666666666665
1992-11-01,19.4,111.0,19.523333333333337,60.129999999999995
1992-12-01,22.8,84.8,19.47833333333334,59.61000000000001
1993-01-01,28.1,133.0,19.428333333333338,61.63333333333334
1993-02-01,26.5,32.4,19.431666666666672,61.39666666666667
1993-03-01,22.0,100.8,19.386666666666667,62.79666666666667
1993-04-01,21.3,22.4,19.410000000000004,61.490000000000016
1993-05-01,16.4,20.0,19.416666666666668,60.61666666666668
1993-06-01,11.7,25.4,19.410000000000004,60.10666666666669
1993-07-01,13.2,121.0,19.425000000000004,60.46000000000003
1993-08-01,14.2,12.4,19.43666666666667,59.836666666666694
1993-09-01,16.1,80.6,19.43166666666667,60.126666666666694
1993-10-01,18.4,54.4,19.398333333333333,60.5466666666667
1993-11-01,22.1,66.6,19.383333333333333,60.03333333333337
1993-12-01,24.9,23.2,19.375000000000004,58.39666666666668
1994-01-01,28.6,9.2,19.439999999999998,58.16333333333335
1994-02-01,28.4,66.4,19.461666666666666,59.19000000000002
1994-03-01,22.3,21.4,19.443333333333335,55.486666666666686
1994-04-01,20.6,70.4,19.466666666666665,53.540000000000006
1994-05-01,15.7,5.8,19.465,52.853333333333346
1994-06-01,12.7,35.0,19.48166666666667,53.02000000000001
1994-07-01,13.2,9.2,19.525000000000002,52.49666666666668
1994-08-01,13.9,2.0,19.573333333333338,52.12666666666667
1994-09-01,16.7,3.0,19.580000000000002,51.94333333333334
1994-10-01,20.3,46.8,19.60166666666667,52.21666666666668
1994-11-01,23.9,46.4,19.631666666666668,50.72000000000001
1994-12-01,28.3,67.8,19.680000000000003,51.03000000000001
1995-01-01,25.1,218.4,19.635,54.08666666666669
1995-02-01,26.4,3.6,19.653333333333332,52.80000000000002
1995-03-01,23.7,4.4,19.63,52.77000000000001
1995-04-01,18.3,10.8,19.605000000000004,50.65666666666667
1995-05-01,15.6,137.4,19.6,51.57666666666668
1995-06-01,12.1,38.8,19.615,51.92333333333335
1995-07-01,9.9,53.4,19.59166666666666,51.890000000000015
1995-08-01,16.1,5.2,19.669999999999998,51.23666666666668
1995-09-01,16.0,42.8,19.681666666666665,51.41666666666668
1995-10-01,19.3,87.0,19.67833333333333,51.89333333333335
1995-11-01,21.7,138.2,19.63,53.810000000000024
1995-12-01,24.0,61.0,19.53833333333333,54.093333333333355
1996-01-01,25.8,84.8,19.473333333333336,54.13666666666669
1996-02-01,24.3,38.4,19.37,54.45666666666669
1996-03-01,23.9,20.6,19.336666666666666,54.53333333333335
1996-04-01,18.6,18.2,19.301666666666666,54.56666666666669
1996-05-01,16.7,59.8,19.3,55.02666666666669
1996-06-01,13.5,35.8,19.29,54.00666666666669
1996-07-01,11.2,73.0,19.291666666666668,53.42333333333336
1996-08-01,12.9,45.4,19.313333333333336,53.00333333333335
1996-09-01,16.1,88.6,19.331666666666667,53.52000000000002
1996-10-01,20.0,67.8,19.3,54.28666666666668
1996-11-01,20.7,79.2,19.266666666666666,55.25000000000002
1996-12-01,25.6,61.0,19.29,55.33333333333336
1997-01-01,26.4,51.2,19.29666666666667,54.27
1997-02-01,30.3,28.6,19.403333333333332,53.53000000000001
1997-03-01,24.7,30.8,19.406666666666663,53.13666666666667
1997-04-01,22.6,0.6,19.455,52.59666666666668
1997-05-01,16.9,29.4,19.470000000000002,52.45333333333334
1997-06-01,13.0,118.2,19.486666666666668,54.03
1997-07-01,12.1,12.4,19.49,53.95666666666668
1997-08-01,13.3,26.0,19.511666666666663,53.14000000000001
1997-09-01,15.9,84.0,19.545,53.41666666666667
1997-10-01,21.1,15.0,19.591666666666665,52.353333333333346
1997-11-01,26.6,20.0,19.71166666666666,50.83666666666667
1997-12-01,29.6,9.8,19.824999999999996,49.58666666666667
1998-01-01,29.5,22.8,19.848333333333333,47.75
1998-02-01,30.3,38.4,19.911666666666665,47.85
1998-03-01,28.1,3.6,20.01333333333333,46.230000000000004
1998-04-01,21.1,51.4,20.009999999999994,46.71333333333334
1998-05-01,15.7,37.8,19.998333333333328,47.01
1998-06-01,12.4,117.4,20.009999999999998,48.54333333333334
1998-07-01,11.1,69.8,19.975,47.69000000000001
1998-08-01,13.7,118.6,19.966666666666665,49.46000000000001
1998-09-01,17.1,57.0,19.98333333333333,49.06666666666668
1998-10-01,18.1,59.0,19.978333333333328,49.143333333333345
1998-11-01,20.8,79.6,19.956666666666663,49.36000000000001
1998-12-01,27.6,13.8,20.001666666666665,49.20333333333335
1999-01-01,29.3,97.4,20.013333333333332,50.67333333333334
1999-02-01,26.2,10.0,19.976666666666667,49.73333333333335
1999-03-01,24.9,70.8,20.02,50.556666666666686
1999-04-01,18.5,53.8,19.985,50.28000000000002
1999-05-01,17.5,23.0,20.015,50.56666666666669
1999-06-01,12.8,35.8,20.01666666666667,50.58000000000003
1999-07-01,13.0,18.2,20.013333333333335,50.730000000000025
1999-08-01,14.6,45.6,20.025,51.45666666666669
1999-09-01,17.6,70.0,20.04,52.57333333333336
1999-10-01,19.4,106.2,20.025000000000002,53.56333333333335
1999-11-01,20.5,41.4,19.968333333333337,53.48000000000001
1999-12-01,24.5,139.6,19.904999999999998,54.67666666666667
2000-01-01,24.5,35.8,19.895,51.63333333333334
2000-02-01,28.9,14.6,19.93666666666667,51.81666666666668
2000-03-01,25.5,43.4,19.966666666666672,52.466666666666676
2000-04-01,20.3,61.8,20.000000000000004,53.31666666666668
2000-05-01,15.1,58.0,19.99166666666667,51.99333333333335
2000-06-01,12.4,26.6,19.99666666666667,51.790000000000006
2000-07-01,11.8,31.0,20.02833333333334,51.41666666666667
2000-08-01,13.1,64.6,19.978333333333335,52.40666666666667
2000-09-01,17.5,85.6,20.003333333333334,53.120000000000005
2000-10-01,18.6,56.8,19.991666666666667,52.61666666666667
2000-11-01,22.5,121.2,20.004999999999995,52.333333333333336
2000-12-01,27.8,27.0,20.068333333333328,51.76666666666666
2001-01-01,31.0,40.4,20.154999999999998,51.02666666666666
2001-02-01,28.6,98.0,20.226666666666667,52.019999999999996
2001-03-01,23.2,48.6,20.214999999999996,52.48666666666666
2001-04-01,21.5,10.6,20.263333333333332,52.35999999999999
2001-05-01,16.9,2.6,20.266666666666666,51.40666666666665
2001-06-01,14.2,31.8,20.278333333333332,51.339999999999996
2001-07-01,12.7,38.8,20.303333333333335,50.769999999999996
2001-08-01,13.5,60.8,20.313333333333336,51.026666666666664
2001-09-01,18.6,62.2,20.355,50.586666666666666
2001-10-01,18.9,45.6,20.336666666666666,50.216666666666654
2001-11-01,22.6,45.4,20.368333333333336,49.65333333333332
2001-12-01,26.8,15.2,20.388333333333332,48.88999999999999
2002-01-01,28.8,26.4,20.428333333333335,48.47666666666666
2002-02-01,24.5,211.0,20.331666666666663,51.51666666666666
2002-03-01,25.2,40.8,20.339999999999996,51.68333333333333
2002-04-01,22.4,21.2,20.336666666666666,52.026666666666664
2002-05-01,16.3,27.0,20.326666666666668,51.986666666666665
2002-06-01,13.2,40.8,20.330000000000002,50.696666666666665
2002-07-01,12.5,16.8,20.336666666666666,50.769999999999996
2002-08-01,14.8,22.8,20.361666666666668,50.71666666666667
2002-09-01,17.7,58.4,20.39166666666667,50.290000000000006
2002-10-01,21.3,11.6,20.395,50.233333333333334
2002-11-01,27.5,10.4,20.410000000000004,50.07333333333334
2002-12-01,28.1,18.2,20.384999999999998,50.21333333333333
2003-01-01,30.5,11.4,20.401666666666664,50.02333333333334
2003-02-01,29.2,55.2,20.383333333333333,50.30333333333333
2003-03-01,23.7,58.4,20.310000000000002,51.216666666666676
2003-04-01,20.2,15.4,20.295,50.616666666666674
2003-05-01,17.2,14.6,20.320000000000004,50.230000000000004
2003-06-01,12.9,46.6,20.328333333333337,49.04999999999999
2003-07-01,12.2,36.4,20.346666666666675,48.493333333333325
2003-08-01,12.9,66.2,20.333333333333336,47.62
2003-09-01,16.2,44.8,20.31833333333334,47.416666666666664
2003-10-01,17.5,59.6,20.30833333333334,47.42666666666666
2003-11-01,23.8,73.2,20.358333333333345,47.32
2003-12-01,27.0,87.4,20.348333333333343,48.54666666666666
2004-01-01,29.3,49.0,20.34833333333334,47.74
2004-02-01,30.6,21.4,20.421666666666674,47.93
2004-03-01,26.7,4.4,20.45166666666667,46.82333333333333
2004-04-01,22.3,2.4,20.515,45.96666666666666
2004-05-01,16.7,6.6,20.501666666666665,45.69333333333332
2004-06-01,13.1,11.6,20.506666666666664,45.28999999999999
2004-07-01,12.1,10.8,20.491666666666664,45.166666666666664
2004-08-01,14.7,67.8,20.493333333333332,45.53666666666667
2004-09-01,17.1,48.0,20.484999999999996,45.17
2004-10-01,20.2,55.0,20.49833333333333,44.31666666666668
2004-11-01,23.4,85.8,20.546666666666667,45.056666666666686
2004-12-01,26.6,72.4,20.581666666666663,43.93666666666669
2005-01-01,29.1,57.2,20.658333333333328,44.293333333333344
2005-02-01,26.9,73.6,20.625,45.27666666666668
2005-03-01,24.3,40.2,20.605,45.22333333333334
2005-04-01,24.5,6.8,20.675000000000004,44.30666666666668
2005-05-01,18.4,0.8,20.730000000000004,43.353333333333346
2005-06-01,14.1,73.0,20.758333333333336,44.12666666666668
2005-07-01,12.7,86.4,20.773333333333337,45.050000000000004
2005-08-01,14.3,45.8,20.793333333333337,44.73666666666668
2005-09-01,16.3,100.6,20.773333333333333,44.98666666666668
2005-10-01,20.3,61.0,20.80166666666667,45.05666666666668
2005-11-01,22.8,83.4,20.80666666666667,44.42666666666667
2005-12-01,28.8,19.8,20.823333333333334,44.30666666666668
2006-01-01,30.4,79.0,20.813333333333336,44.95000000000002
2006-02-01,30.5,23.8,20.845000000000006,43.71333333333335
2006-03-01,26.9,30.8,20.90666666666667,43.41666666666667
2006-04-01,19.7,14.8,20.87666666666667,43.486666666666686
2006-05-01,16.2,9.4,20.865000000000002,43.600000000000016
2006-06-01,11.9,74.4,20.82666666666667,44.31000000000002
2006-07-01,12.7,36.4,20.82666666666667,44.27000000000002
2006-08-01,15.3,11.6,20.856666666666673,43.45000000000002
2006-09-01,19.4,18.4,20.870000000000005,42.72000000000002
2006-10-01,24.2,4.0,20.95833333333334,42.026666666666685
2006-11-01,26.5,41.8,21.023333333333337,41.96666666666669
2006-12-01,27.7,16.8,21.03833333333334,41.993333333333354
2007-01-01,31.5,9.6,21.08333333333334,41.71333333333335
2007-02-01,29.1,95.2,21.160000000000004,39.78333333333334
2007-03-01,25.8,36.6,21.17,39.71333333333333
2007-04-01,22.1,27.8,21.165,39.82333333333334
2007-05-01,18.0,41.6,21.193333333333328,40.06666666666667
2007-06-01,11.6,92.8,21.166666666666664,40.93333333333333
2007-07-01,11.3,18.8,21.14666666666666,40.966666666666676
2007-08-01,15.0,11.6,21.14999999999999,40.78
2007-09-01,17.1,14.6,21.13999999999999,40.05
2007-10-01,23.2,23.4,21.17166666666666,40.24666666666666
2007-11-01,25.1,95.4,21.131666666666657,41.66333333333333
2007-12-01,25.1,101.0,21.081666666666656,43.04333333333333
2008-01-01,29.1,43.8,21.058333333333323,43.583333333333336
2008-02-01,24.6,64.6,20.98166666666666,43.74
2008-03-01,26.0,30.0,21.01999999999999,43.266666666666666
2008-04-01,19.5,17.4,21.008333333333326,43.300000000000004
2008-05-01,17.2,12.8,21.008333333333326,43.27000000000001
2008-06-01,14.5,21.8,21.03499999999999,42.856666666666676
2008-07-01,11.7,44.0,21.02666666666666,42.98333333333334
2008-08-01,12.8,17.6,21.02499999999999,42.17333333333333
2008-09-01,21.0,13.2,21.104999999999997,41.64666666666666
2008-10-01,23.5,27.4,21.204999999999995,41.11
2008-11-01,23.8,67.6,21.205,41.016666666666666
2008-12-01,25.4,121.2,21.178333333333338,41.58
2009-01-01,31.3,43.0,21.21166666666667,41.48
2009-02-01,29.3,7.2,21.190000000000005,41.24333333333332
2009-03-01,27.1,10.2,21.19666666666667,41.33999999999998
2009-04-01,19.9,72.6,21.15666666666667,42.509999999999984
2009-05-01,16.7,2.6,21.15666666666667,42.44333333333331
2009-06-01,12.9,35.0,21.15333333333334,42.83333333333331
2009-07-01,12.6,30.6,21.161666666666672,43.16333333333331
2009-08-01,14.7,36.4,21.161666666666672,42.63999999999997
2009-09-01,17.7,57.0,21.17166666666667,42.78999999999997
2009-10-01,19.1,45.0,21.15333333333334,42.62333333333331
2009-11-01,29.4,16.2,21.253333333333337,41.4633333333333
2009-12-01,29.2,75.6,21.29666666666667,41.51666666666664
2010-01-01,31.8,6.8,21.341666666666672,40.67666666666664
2010-02-01,27.5,133.2,21.35166666666667,41.66999999999999
2010-03-01,24.6,88.0,21.35666666666667,42.466666666666654
2010-04-01,21.1,19.4,21.299999999999997,42.676666666666655
2010-05-01,16.6,79.2,21.269999999999996,43.98333333333332
2010-06-01,13.0,20.2,21.251666666666665,43.10333333333332
2010-07-01,12.8,62.2,21.25333333333333,42.69999999999998
2010-08-01,12.3,66.2,21.219999999999995,43.039999999999985
2010-09-01,16.3,63.8,21.219999999999995,42.42666666666665
2010-10-01,19.6,102.8,21.20833333333333,43.12333333333332
2010-11-01,22.5,119.4,21.20333333333333,43.72333333333333
2010-12-01,25.0,198.4,21.139999999999993,46.699999999999996
2011-01-01,28.8,54.6,21.11333333333333,46.29333333333333
2011-02-01,26.7,129.2,21.049999999999997,48.04999999999999
2011-03-01,23.3,40.2,20.989999999999995,48.20666666666666
2011-04-01,19.6,8.8,20.98833333333333,48.10666666666667
2011-05-01,15.8,12.0,20.981666666666666,48.15
2011-06-01,13.6,9.4,21.009999999999994,47.06666666666668
2011-07-01,12.3,26.4,21.003333333333327,46.900000000000006
2011-08-01,16.0,50.8,21.014999999999993,47.55333333333335
2011-09-01,18.2,34.0,20.994999999999994,47.81333333333335
2011-10-01,20.6,26.1,20.934999999999995,48.18166666666668
2011-11-01,25.4,113.2,20.916666666666664,49.37166666666667
2011-12-01,23.6,73.0,20.848333333333326,50.30833333333333
2012-01-01,27.5,46.8,20.78166666666666,50.928333333333335
2012-02-01,25.0,126.4,20.713333333333328,51.44833333333334
2012-03-01,22.1,197.2,20.651666666666664,54.125
2012-04-01,20.2,16.9,20.619999999999997,53.94333333333334
2012-05-01,15.6,19.8,20.579999999999995,53.58000000000001
2012-06-01,12.9,47.0,20.601666666666667,52.81666666666668
2012-07-01,13.0,34.9,20.629999999999995,53.085000000000015
2012-08-01,13.6,35.2,20.606666666666662,53.47833333333334
2012-09-01,18.0,36.2,20.621666666666663,53.83833333333334
2012-10-01,20.8,66.8,20.58166666666666,54.561666666666675
2012-11-01,25.4,29.0,20.586666666666662,53.45500000000001
2012-12-01,27.7,37.4,20.63,52.39500000000001
2013-01-01,32.3,72.6,20.683333333333334,52.875000000000014
2013-02-01,27.4,30.0,20.73,52.29833333333334
2013-03-01,25.7,26.6,20.725,52.241666666666674
2013-04-01,22.1,9.8,20.76833333333333,52.11500000000001
2013-05-01,17.4,6.6,20.77166666666667,52.01166666666667
2013-06-01,13.9,85.2,20.76166666666667,53.06833333333334
2013-07-01,13.4,42.8,20.79000000000001,53.04833333333334
2013-08-01,14.8,27.0,20.82333333333334,53.205000000000005
2013-09-01,19.9,91.0,20.805000000000007,54.50166666666667
2013-10-01,21.9,13.4,20.778333333333343,54.26833333333334
2013-11-01,23.8,105.6,20.778333333333343,54.90166666666667
2013-12-01,28.5,23.2,20.830000000000005,53.26833333333333
2014-01-01,31.6,4.8,20.835000000000004,52.63166666666667
2014-02-01,29.4,83.6,20.836666666666677,53.905
2014-03-01,24.2,88.0,20.788333333333345,55.20166666666667
2014-04-01,19.7,69.2,20.785000000000007,55.145
2014-05-01,17.6,14.4,20.800000000000004,55.34166666666667
2014-06-01,13.2,57.2,20.805000000000003,55.711666666666666
2014-07-01,12.2,16.2,20.79833333333334,55.471666666666664
2014-08-01,14.3,26.8,20.791666666666668,55.31166666666666
2014-09-01,17.9,28.8,20.795,54.84166666666667
2014-10-01,22.5,53.4,20.85166666666667,54.98166666666666
2014-11-01,27.9,24.2,20.826666666666668,55.114999999999995
2014-12-01,27.7,102.0,20.801666666666673,55.55499999999999
2015-01-01,27.4,97.0,20.72833333333334,57.05833333333333
2015-02-01,28.1,30.2,20.738333333333337,55.34166666666667
2015-03-01,26.3,12.4,20.76666666666667,54.08166666666667
2015-04-01,19.4,91.8,20.738333333333337,55.288333333333334
2015-05-01,16.3,12.2,20.733333333333338,54.17166666666666
2015-06-01,13.8,55.2,20.74666666666667,54.75499999999999
2015-07-01,11.5,37.2,20.725,54.338333333333324
2015-08-01,13.7,66.8,20.74833333333334,54.34833333333333
2015-09-01,17.4,13.6,20.76666666666667,53.511666666666656
2015-10-01,24.8,26.6,20.853333333333335,52.24166666666666
2015-11-01,25.3,67.6,20.9,51.37833333333332
2015-12-01,29.3,35.0,20.971666666666668,48.65499999999998
2016-01-01,28.5,106.4,20.966666666666665,49.518333333333324
2016-02-01,29.3,23.4,21.009999999999998,47.75499999999999
2016-03-01,27.7,28.4,21.08333333333333,47.55833333333332
2016-04-01,23.9,6.8,21.154999999999998,47.52499999999999
2016-05-01,17.4,47.6,21.18166666666667,48.118333333333325
2016-06-01,13.0,144.2,21.171666666666667,50.364999999999995
2016-07-01,12.7,71.0,21.178333333333335,51.10833333333333
2016-08-01,14.3,46.2,21.15,51.03166666666666
2016-09-01,15.8,149.2,21.11,52.95166666666666
2016-10-01,18.5,43.6,21.075,53.24333333333332
2016-11-01,24.8,56.8,21.065,52.30333333333333
2016-12-01,28.7,64.6,21.149999999999995,52.16333333333333
2017-01-01,32.8,8.4,21.238333333333333,51.52333333333333
2017-02-01,30.1,20.6,21.323333333333327,49.76
2017-03-01,25.9,85.2,21.386666666666663,47.89333333333333
2017-04-01,19.9,31.6,21.381666666666664,48.13833333333333
2017-05-01,16.4,34.2,21.394999999999996,48.37833333333332
2017-06-01,13.6,2.4,21.40666666666666,47.63499999999999
2017-07-01,12.9,17.0,21.404999999999994,47.33666666666666
2017-08-01,13.9,49.2,21.41,47.569999999999986
2017-09-01,18.1,13.4,21.411666666666665,47.18999999999998
2017-10-01,23.2,58.4,21.451666666666664,47.04999999999999
2017-11-01,24.3,70.4,21.433333333333334,47.73999999999999
2017-12-01,27.8,95.2,21.434999999999995,48.703333333333326
2018-01-01,31.6,38.0,21.42333333333333,48.12666666666666
2018-02-01,29.0,86.4,21.449999999999992,49.06666666666667
2018-03-01,26.3,7.2,21.459999999999994,48.743333333333325
2018-04-01,25.0,19.6,21.508333333333326,48.90666666666666
2018-05-01,17.5,15.0,21.50999999999999,49.04666666666666
2018-06-01,13.2,27.8,21.498333333333328,48.089999999999996
2018-07-01,13.3,7.8,21.49666666666666,47.50666666666666
2018-08-01,13.9,29.0,21.48166666666666,47.53999999999999
2018-09-01,18.0,38.2,21.449999999999992,46.65999999999998
2018-10-01,22.8,14.2,21.46499999999999,46.67333333333332
2018-11-01,24.5,82.4,21.476666666666663,46.28666666666666
2018-12-01,29.3,106.4,21.489999999999995,47.67333333333333
2019-01-01,34.5,61.2,21.53833333333333,48.61333333333333
2019-02-01,29.1,42.8,21.533333333333328,47.933333333333344
2019-03-01,26.0,76.2,21.56333333333333,47.736666666666665
2019-04-01,22.6,10.0,21.61166666666666,46.75
2019-05-01,16.6,46.2,21.594999999999988,47.279999999999994
2019-06-01,14.1,18.0,21.609999999999992,46.626666666666665
2019-07-01,13.7,5.0,21.63499999999999,46.43999999999999
2019-08-01,14.2,17.8,21.633333333333326,46.29
2019-09-01,18.8,40.0,21.648333333333323,46.47666666666667
2019-10-01,23.6,27.6,21.666666666666654,46.04666666666666
2019-11-01,26.8,12.6,21.648333333333323,45.85333333333333
2019-12-01,31.7,1.2,21.71499999999999,44.173333333333325
2020-01-01,31.7,16.0,21.786666666666655,42.82333333333333
2020-02-01,27.7,80.0,21.77999999999999,43.65333333333333
2020-03-01,23.4,99.8,21.731666666666662,45.11
2020-04-01,18.9,71.6,21.723333333333333,44.77333333333333
2020-05-01,15.0,26.8,21.701666666666664,45.01666666666667
2020-06-01,13.5,48.2,21.696666666666665,44.900000000000006
2020-07-01,13.2,33.4,21.725000000000005,44.83666666666667
2020-08-01,12.8,105.8,21.71,45.48666666666668
2020-09-01,17.6,40.4,21.71333333333333,45.93333333333335
2020-10-01,20.3,133.6,21.638333333333332,47.71666666666668
2020-11-01,25.1,93.0,21.635,48.140000000000015
2020-12-01,25.4,41.4,21.57,48.24666666666668
