,Product code,Station number,Year,Month,Monthly Precipitation Total (millimetres),Quality
0,IDCJAC0001,70014,1939,3,94.7,Y
1,IDCJAC0001,70014,1939,4,75.0,Y
2,IDCJAC0001,70014,1939,5,21.5,Y
3,IDCJAC0001,70014,1939,6,57.7,Y
4,IDCJAC0001,70014,1939,7,33.3,Y
5,IDCJAC0001,70014,1939,8,110.1,Y
6,IDCJAC0001,70014,1939,9,16.1,Y
7,IDCJAC0001,70014,1939,10,77.0,Y
8,IDCJAC0001,70014,1939,11,49.7,Y
9,IDCJAC0001,70014,1939,12,21.6,Y
10,IDCJAC0001,70014,1940,1,35.6,Y
11,IDCJAC0001,70014,1940,2,3.8,Y
12,IDCJAC0001,70014,1940,3,2.3,Y
13,IDCJAC0001,70014,1940,4,154.1,Y
14,IDCJAC0001,70014,1940,5,11.5,Y
15,IDCJAC0001,70014,1940,6,11.6,Y
16,IDCJAC0001,70014,1940,7,6.5,Y
17,IDCJAC0001,70014,1940,8,21.6,Y
18,IDCJAC0001,70014,1940,9,56.6,Y
19,IDCJAC0001,70014,1940,10,6.4,Y
20,IDCJAC0001,70014,1940,11,13.2,Y
21,IDCJAC0001,70014,1940,12,49.5,Y
22,IDCJAC0001,70014,1941,1,163.9,Y
23,IDCJAC0001,70014,1941,2,74.8,Y
24,IDCJAC0001,70014,1941,3,25.8,Y
25,IDCJAC0001,70014,1941,4,19.2,Y
26,IDCJAC0001,70014,1941,5,40.2,Y
27,IDCJAC0001,70014,1941,6,36.9,Y
28,IDCJAC0001,70014,1941,7,10.6,Y
29,IDCJAC0001,70014,1941,8,22.4,Y
30,IDCJAC0001,70014,1941,9,70.3,Y
31,IDCJAC0001,70014,1941,10,29.8,Y
32,IDCJAC0001,70014,1941,11,21.4,Y
33,IDCJAC0001,70014,1941,12,26.6,Y
34,IDCJAC0001,70014,1942,1,7.4,Y
35,IDCJAC0001,70014,1942,2,95.5,Y
36,IDCJAC0001,70014,1942,3,20.9,Y
37,IDCJAC0001,70014,1942,4,2.1,Y
38,IDCJAC0001,70014,1942,5,117.2,Y
39,IDCJAC0001,70014,1942,6,79.6,Y
40,IDCJAC0001,70014,1942,7,43.6,Y
41,IDCJAC0001,70014,1942,8,48.8,Y
42,IDCJAC0001,70014,1942,9,57.7,Y
43,IDCJAC0001,70014,1942,10,42.6,Y
44,IDCJAC0001,70014,1942,11,109.6,Y
45,IDCJAC0001,70014,1942,12,15.4,Y
46,IDCJAC0001,70014,1943,1,68.5,Y
47,IDCJAC0001,70014,1943,2,1.6,Y
48,IDCJAC0001,70014,1943,3,11.4,Y
49,IDCJAC0001,70014,1943,4,71.5,Y
50,IDCJAC0001,70014,1943,5,61.7,Y
51,IDCJAC0001,70014,1943,6,13.2,Y
52,IDCJAC0001,70014,1943,7,25.0,Y
53,IDCJAC0001,70014,1943,8,46.4,Y
54,IDCJAC0001,70014,1943,9,53.7,Y
55,IDCJAC0001,70014,1943,10,83.2,Y
56,IDCJAC0001,70014,1943,11,99.9,Y
57,IDCJAC0001,70014,1943,12,45.2,Y
58,IDCJAC0001,70014,1944,1,4.2,Y
59,IDCJAC0001,70014,1944,2,16.3,Y
60,IDCJAC0001,70014,1944,3,29.4,Y
61,IDCJAC0001,70014,1944,4,19.6,Y
62,IDCJAC0001,70014,1944,5,48.2,Y
63,IDCJAC0001,70014,1944,6,6.6,Y
64,IDCJAC0001,70014,1944,7,29.4,Y
65,IDCJAC0001,70014,1944,8,7.2,Y
66,IDCJAC0001,70014,1944,9,16.0,Y
67,IDCJAC0001,70014,1944,10,36.5,Y
68,IDCJAC0001,70014,1944,11,55.6,Y
69,IDCJAC0001,70014,1944,12,35.6,Y
70,IDCJAC0001,70014,1945,1,117.3,Y
71,IDCJAC0001,70014,1945,2,83.6,Y
72,IDCJAC0001,70014,1945,3,15.3,Y
73,IDCJAC0001,70014,1945,4,102.6,Y
74,IDCJAC0001,70014,1945,5,21.1,Y
75,IDCJAC0001,70014,1945,6,36.4,Y
76,IDCJAC0001,70014,1945,7,31.0,Y
77,IDCJAC0001,70014,1945,8,54.2,Y
78,IDCJAC0001,70014,1945,9,11.5,Y
79,IDCJAC0001,70014,1945,10,47.6,Y
80,IDCJAC0001,70014,1945,11,59.9,Y
81,IDCJAC0001,70014,1945,12,23.4,Y
82,IDCJAC0001,70014,1946,1,97.7,Y
83,IDCJAC0001,70014,1946,2,84.7,Y
84,IDCJAC0001,70014,1946,3,37.0,Y
85,IDCJAC0001,70014,1946,4,32.5,Y
86,IDCJAC0001,70014,1946,5,19.8,Y
87,IDCJAC0001,70014,1946,6,27.6,Y
88,IDCJAC0001,70014,1946,7,44.5,Y
89,IDCJAC0001,70014,1946,8,15.8,Y
90,IDCJAC0001,70014,1946,9,6.0,Y
91,IDCJAC0001,70014,1946,10,44.9,Y
92,IDCJAC0001,70014,1946,11,86.0,Y
93,IDCJAC0001,70014,1946,12,26.6,Y
94,IDCJAC0001,70014,1947,1,1.1,Y
95,IDCJAC0001,70014,1947,2,83.7,Y
96,IDCJAC0001,70014,1947,3,35.7,Y
97,IDCJAC0001,70014,1947,4,27.7,Y
98,IDCJAC0001,70014,1947,5,23.6,Y
99,IDCJAC0001,70014,1947,6,25.9,Y
100,IDCJAC0001,70014,1947,7,37.6,Y
101,IDCJAC0001,70014,1947,8,49.7,Y
102,IDCJAC0001,70014,1947,9,62.8,Y
103,IDCJAC0001,70014,1947,10,26.5,Y
104,IDCJAC0001,70014,1947,11,79.7,Y
105,IDCJAC0001,70014,1947,12,215.2,Y
106,IDCJAC0001,70014,1948,1,117.0,Y
107,IDCJAC0001,70014,1948,2,144.7,Y
108,IDCJAC0001,70014,1948,3,23.0,Y
109,IDCJAC0001,70014,1948,4,55.2,Y
110,IDCJAC0001,70014,1948,5,142.9,Y
111,IDCJAC0001,70014,1948,6,53.8,Y
112,IDCJAC0001,70014,1948,7,15.0,Y
113,IDCJAC0001,70014,1948,8,17.5,Y
114,IDCJAC0001,70014,1948,9,49.6,Y
115,IDCJAC0001,70014,1948,10,61.0,Y
116,IDCJAC0001,70014,1948,11,29.3,Y
117,IDCJAC0001,70014,1948,12,92.5,Y
118,IDCJAC0001,70014,1949,1,30.0,Y
119,IDCJAC0001,70014,1949,2,81.1,Y
120,IDCJAC0001,70014,1949,3,78.3,Y
121,IDCJAC0001,70014,1949,4,26.4,Y
122,IDCJAC0001,70014,1949,5,95.4,Y
123,IDCJAC0001,70014,1949,6,27.7,Y
124,IDCJAC0001,70014,1949,7,43.8,Y
125,IDCJAC0001,70014,1949,8,9.8,Y
126,IDCJAC0001,70014,1949,9,70.2,Y
127,IDCJAC0001,70014,1949,10,101.5,Y
128,IDCJAC0001,70014,1949,11,66.4,Y
129,IDCJAC0001,70014,1949,12,16.3,Y
130,IDCJAC0001,70014,1950,1,79.7,Y
131,IDCJAC0001,70014,1950,2,77.7,Y
132,IDCJAC0001,70014,1950,3,312.2,Y
133,IDCJAC0001,70014,1950,4,90.7,Y
134,IDCJAC0001,70014,1950,5,65.0,Y
135,IDCJAC0001,70014,1950,6,18.8,Y
136,IDCJAC0001,70014,1950,7,75.4,Y
137,IDCJAC0001,70014,1950,8,38.0,Y
138,IDCJAC0001,70014,1950,9,36.3,Y
139,IDCJAC0001,70014,1950,10,137.8,Y
140,IDCJAC0001,70014,1950,11,113.6,Y
141,IDCJAC0001,70014,1950,12,17.3,Y
142,IDCJAC0001,70014,1951,1,36.6,Y
143,IDCJAC0001,70014,1951,2,31.2,Y
144,IDCJAC0001,70014,1951,3,2.6,Y
145,IDCJAC0001,70014,1951,4,16.4,Y
146,IDCJAC0001,70014,1951,5,30.1,Y
147,IDCJAC0001,70014,1951,6,79.1,Y
148,IDCJAC0001,70014,1951,7,42.8,Y
149,IDCJAC0001,70014,1951,8,77.3,Y
150,IDCJAC0001,70014,1951,9,49.3,Y
151,IDCJAC0001,70014,1951,10,59.8,Y
152,IDCJAC0001,70014,1951,11,26.2,Y
153,IDCJAC0001,70014,1951,12,8.6,Y
154,IDCJAC0001,70014,1952,1,21.8,Y
155,IDCJAC0001,70014,1952,2,9.2,Y
156,IDCJAC0001,70014,1952,3,143.9,Y
157,IDCJAC0001,70014,1952,4,120.8,Y
158,IDCJAC0001,70014,1952,5,65.7,Y
159,IDCJAC0001,70014,1952,6,108.3,Y
160,IDCJAC0001,70014,1952,7,39.3,Y
161,IDCJAC0001,70014,1952,8,66.0,Y
162,IDCJAC0001,70014,1952,9,71.6,Y
163,IDCJAC0001,70014,1952,10,126.7,Y
164,IDCJAC0001,70014,1952,11,60.8,Y
165,IDCJAC0001,70014,1952,12,131.3,Y
166,IDCJAC0001,70014,1953,1,46.5,Y
167,IDCJAC0001,70014,1953,2,16.8,Y
168,IDCJAC0001,70014,1953,3,23.2,Y
169,IDCJAC0001,70014,1953,4,24.0,Y
170,IDCJAC0001,70014,1953,5,149.6,Y
171,IDCJAC0001,70014,1953,6,20.3,Y
172,IDCJAC0001,70014,1953,7,14.2,Y
173,IDCJAC0001,70014,1953,8,31.0,Y
174,IDCJAC0001,70014,1953,9,51.8,Y
175,IDCJAC0001,70014,1953,10,43.1,Y
176,IDCJAC0001,70014,1953,11,38.7,Y
177,IDCJAC0001,70014,1953,12,35.0,Y
178,IDCJAC0001,70014,1954,1,87.2,Y
179,IDCJAC0001,70014,1954,2,56.8,Y
180,IDCJAC0001,70014,1954,3,1.3,Y
181,IDCJAC0001,70014,1954,4,36.4,Y
182,IDCJAC0001,70014,1954,5,7.2,Y
183,IDCJAC0001,70014,1954,6,38.9,Y
184,IDCJAC0001,70014,1954,7,15.8,Y
185,IDCJAC0001,70014,1954,8,26.3,Y
186,IDCJAC0001,70014,1954,9,16.7,Y
187,IDCJAC0001,70014,1954,10,56.5,Y
188,IDCJAC0001,70014,1954,11,79.6,Y
189,IDCJAC0001,70014,1954,12,35.0,Y
190,IDCJAC0001,70014,1955,1,22.9,Y
191,IDCJAC0001,70014,1955,2,87.0,Y
192,IDCJAC0001,70014,1955,3,21.0,Y
193,IDCJAC0001,70014,1955,4,23.9,Y
194,IDCJAC0001,70014,1955,5,103.9,Y
195,IDCJAC0001,70014,1955,6,53.1,Y
196,IDCJAC0001,70014,1955,7,28.6,Y
197,IDCJAC0001,70014,1955,8,106.0,Y
198,IDCJAC0001,70014,1955,9,25.7,Y
199,IDCJAC0001,70014,1955,10,127.7,Y
200,IDCJAC0001,70014,1955,11,72.5,Y
201,IDCJAC0001,70014,1955,12,63.2,Y
202,IDCJAC0001,70014,1956,1,79.5,Y
203,IDCJAC0001,70014,1956,2,55.3,Y
204,IDCJAC0001,70014,1956,3,196.4,Y
205,IDCJAC0001,70014,1956,4,79.7,Y
206,IDCJAC0001,70014,1956,5,69.4,Y
207,IDCJAC0001,70014,1956,6,126.0,Y
208,IDCJAC0001,70014,1956,7,67.2,Y
209,IDCJAC0001,70014,1956,8,45.6,Y
210,IDCJAC0001,70014,1956,9,43.3,Y
211,IDCJAC0001,70014,1956,10,98.9,Y
212,IDCJAC0001,70014,1956,11,20.3,Y
213,IDCJAC0001,70014,1956,12,6.7,Y
214,IDCJAC0001,70014,1957,1,18.4,Y
215,IDCJAC0001,70014,1957,2,27.9,Y
216,IDCJAC0001,70014,1957,3,31.0,Y
217,IDCJAC0001,70014,1957,4,19.0,Y
218,IDCJAC0001,70014,1957,5,8.6,Y
219,IDCJAC0001,70014,1957,6,31.8,Y
220,IDCJAC0001,70014,1957,7,61.8,Y
221,IDCJAC0001,70014,1957,8,42.0,Y
222,IDCJAC0001,70014,1957,9,8.1,Y
223,IDCJAC0001,70014,1957,10,15.0,Y
224,IDCJAC0001,70014,1957,11,23.0,Y
225,IDCJAC0001,70014,1957,12,54.9,Y
226,IDCJAC0001,70014,1958,1,85.1,Y
227,IDCJAC0001,70014,1958,2,25.9,Y
228,IDCJAC0001,70014,1958,3,31.1,Y
229,IDCJAC0001,70014,1958,4,53.6,Y
230,IDCJAC0001,70014,1958,5,34.1,Y
231,IDCJAC0001,70014,1958,6,62.2,Y
232,IDCJAC0001,70014,1958,7,54.0,Y
233,IDCJAC0001,70014,1958,8,59.7,Y
234,IDCJAC0001,70014,1958,9,50.5,Y
235,IDCJAC0001,70014,1958,10,60.2,Y
236,IDCJAC0001,70014,1958,11,33.8,Y
237,IDCJAC0001,70014,1958,12,62.9,Y
238,IDCJAC0001,70014,1959,1,66.3,Y
239,IDCJAC0001,70014,1959,2,106.3,Y
240,IDCJAC0001,70014,1959,3,116.5,Y
241,IDCJAC0001,70014,1959,4,101.5,Y
242,IDCJAC0001,70014,1959,5,14.4,Y
243,IDCJAC0001,70014,1959,6,103.3,Y
244,IDCJAC0001,70014,1959,7,34.7,Y
245,IDCJAC0001,70014,1959,8,11.6,Y
246,IDCJAC0001,70014,1959,9,34.3,Y
247,IDCJAC0001,70014,1959,10,147.7,Y
248,IDCJAC0001,70014,1959,11,122.0,Y
249,IDCJAC0001,70014,1959,12,33.9,Y
250,IDCJAC0001,70014,1960,1,113.2,Y
251,IDCJAC0001,70014,1960,2,15.0,Y
252,IDCJAC0001,70014,1960,3,43.2,Y
253,IDCJAC0001,70014,1960,4,19.9,Y
254,IDCJAC0001,70014,1960,5,75.1,Y
255,IDCJAC0001,70014,1960,6,8.3,Y
256,IDCJAC0001,70014,1960,7,103.6,Y
257,IDCJAC0001,70014,1960,8,25.5,Y
258,IDCJAC0001,70014,1960,9,96.0,Y
259,IDCJAC0001,70014,1960,10,85.4,Y
260,IDCJAC0001,70014,1960,11,68.1,Y
261,IDCJAC0001,70014,1960,12,160.3,Y
262,IDCJAC0001,70014,1961,1,43.0,Y
263,IDCJAC0001,70014,1961,2,67.7,Y
264,IDCJAC0001,70014,1961,3,128.4,Y
265,IDCJAC0001,70014,1961,4,51.0,Y
266,IDCJAC0001,70014,1961,5,1.6,Y
267,IDCJAC0001,70014,1961,6,25.2,Y
268,IDCJAC0001,70014,1961,7,71.4,Y
269,IDCJAC0001,70014,1961,8,34.8,Y
270,IDCJAC0001,70014,1961,9,28.5,Y
271,IDCJAC0001,70014,1961,10,36.2,Y
272,IDCJAC0001,70014,1961,11,134.9,Y
273,IDCJAC0001,70014,1961,12,151.5,Y
274,IDCJAC0001,70014,1962,1,108.0,Y
275,IDCJAC0001,70014,1962,2,47.7,Y
276,IDCJAC0001,70014,1962,3,24.0,Y
277,IDCJAC0001,70014,1962,4,19.3,Y
278,IDCJAC0001,70014,1962,5,53.3,Y
279,IDCJAC0001,70014,1962,6,8.8,Y
280,IDCJAC0001,70014,1962,7,32.8,Y
281,IDCJAC0001,70014,1962,8,55.1,Y
282,IDCJAC0001,70014,1962,9,113.7,Y
283,IDCJAC0001,70014,1962,10,45.3,Y
284,IDCJAC0001,70014,1962,11,35.6,Y
285,IDCJAC0001,70014,1962,12,110.4,Y
286,IDCJAC0001,70014,1963,1,88.3,Y
287,IDCJAC0001,70014,1963,2,43.8,Y
288,IDCJAC0001,70014,1963,3,56.4,Y
289,IDCJAC0001,70014,1963,4,65.0,Y
290,IDCJAC0001,70014,1963,5,77.0,Y
291,IDCJAC0001,70014,1963,6,34.3,Y
292,IDCJAC0001,70014,1963,7,37.9,Y
293,IDCJAC0001,70014,1963,8,34.5,Y
294,IDCJAC0001,70014,1963,9,52.8,Y
295,IDCJAC0001,70014,1963,10,24.1,Y
296,IDCJAC0001,70014,1963,11,41.0,Y
297,IDCJAC0001,70014,1963,12,64.0,Y
298,IDCJAC0001,70014,1964,1,25.5,Y
299,IDCJAC0001,70014,1964,2,21.6,Y
300,IDCJAC0001,70014,1964,3,24.6,Y
301,IDCJAC0001,70014,1964,4,123.6,Y
302,IDCJAC0001,70014,1964,5,36.1,Y
303,IDCJAC0001,70014,1964,6,23.6,Y
304,IDCJAC0001,70014,1964,7,85.7,Y
305,IDCJAC0001,70014,1964,8,41.7,Y
306,IDCJAC0001,70014,1964,9,71.6,Y
307,IDCJAC0001,70014,1964,10,122.4,Y
308,IDCJAC0001,70014,1964,11,21.7,Y
309,IDCJAC0001,70014,1964,12,45.0,Y
310,IDCJAC0001,70014,1965,1,1.3,Y
311,IDCJAC0001,70014,1965,2,1.5,Y
312,IDCJAC0001,70014,1965,3,1.7,Y
313,IDCJAC0001,70014,1965,4,10.4,Y
314,IDCJAC0001,70014,1965,5,11.7,Y
315,IDCJAC0001,70014,1965,6,20.4,Y
316,IDCJAC0001,70014,1965,7,15.8,Y
317,IDCJAC0001,70014,1965,8,49.5,Y
318,IDCJAC0001,70014,1965,9,73.4,Y
319,IDCJAC0001,70014,1965,10,137.0,Y
320,IDCJAC0001,70014,1965,11,32.3,Y
321,IDCJAC0001,70014,1965,12,45.3,Y
322,IDCJAC0001,70014,1966,1,49.3,Y
323,IDCJAC0001,70014,1966,2,69.6,Y
324,IDCJAC0001,70014,1966,3,73.5,Y
325,IDCJAC0001,70014,1966,4,3.4,Y
326,IDCJAC0001,70014,1966,5,37.9,Y
327,IDCJAC0001,70014,1966,6,44.1,Y
328,IDCJAC0001,70014,1966,7,28.9,Y
329,IDCJAC0001,70014,1966,8,48.8,Y
330,IDCJAC0001,70014,1966,9,65.7,Y
331,IDCJAC0001,70014,1966,10,89.8,Y
332,IDCJAC0001,70014,1966,11,105.2,Y
333,IDCJAC0001,70014,1966,12,75.9,Y
334,IDCJAC0001,70014,1967,1,56.4,Y
335,IDCJAC0001,70014,1967,2,14.8,Y
336,IDCJAC0001,70014,1967,3,10.2,Y
337,IDCJAC0001,70014,1967,4,8.9,Y
338,IDCJAC0001,70014,1967,5,17.7,Y
339,IDCJAC0001,70014,1967,6,16.4,Y
340,IDCJAC0001,70014,1967,7,12.4,Y
341,IDCJAC0001,70014,1967,8,89.7,Y
342,IDCJAC0001,70014,1967,9,31.5,Y
343,IDCJAC0001,70014,1967,10,49.3,Y
344,IDCJAC0001,70014,1967,11,44.7,Y
345,IDCJAC0001,70014,1967,12,0.0,Y
346,IDCJAC0001,70014,1968,1,38.4,Y
347,IDCJAC0001,70014,1968,2,0.0,Y
348,IDCJAC0001,70014,1968,3,32.1,Y
349,IDCJAC0001,70014,1968,4,38.7,Y
350,IDCJAC0001,70014,1968,5,134.2,Y
351,IDCJAC0001,70014,1968,6,22.5,Y
352,IDCJAC0001,70014,1968,7,22.4,Y
353,IDCJAC0001,70014,1968,8,58.3,Y
354,IDCJAC0001,70014,1968,9,12.4,Y
355,IDCJAC0001,70014,1968,10,50.5,Y
356,IDCJAC0001,70014,1968,11,23.7,Y
357,IDCJAC0001,70014,1968,12,82.0,Y
358,IDCJAC0001,70014,1969,1,17.0,Y
359,IDCJAC0001,70014,1969,2,106.6,Y
360,IDCJAC0001,70014,1969,3,50.2,Y
361,IDCJAC0001,70014,1969,4,82.4,Y
362,IDCJAC0001,70014,1969,5,41.9,Y
363,IDCJAC0001,70014,1969,6,58.7,Y
364,IDCJAC0001,70014,1969,7,44.5,Y
365,IDCJAC0001,70014,1969,8,51.0,Y
366,IDCJAC0001,70014,1969,9,40.6,Y
367,IDCJAC0001,70014,1969,10,139.5,Y
368,IDCJAC0001,70014,1969,11,94.3,Y
369,IDCJAC0001,70014,1969,12,32.4,Y
370,IDCJAC0001,70014,1970,1,59.5,Y
371,IDCJAC0001,70014,1970,2,94.8,Y
372,IDCJAC0001,70014,1970,3,60.0,Y
373,IDCJAC0001,70014,1970,4,51.5,Y
374,IDCJAC0001,70014,1970,5,34.2,Y
375,IDCJAC0001,70014,1970,6,29.4,Y
376,IDCJAC0001,70014,1970,7,4.2,Y
377,IDCJAC0001,70014,1970,8,54.5,Y
378,IDCJAC0001,70014,1970,9,115.7,Y
379,IDCJAC0001,70014,1970,10,31.9,Y
380,IDCJAC0001,70014,1970,11,111.6,Y
381,IDCJAC0001,70014,1970,12,75.1,Y
382,IDCJAC0001,70014,1971,1,115.0,Y
383,IDCJAC0001,70014,1971,2,109.6,Y
384,IDCJAC0001,70014,1971,3,24.3,Y
385,IDCJAC0001,70014,1971,4,19.3,Y
386,IDCJAC0001,70014,1971,5,23.1,Y
387,IDCJAC0001,70014,1971,6,4.8,Y
388,IDCJAC0001,70014,1971,7,13.5,Y
389,IDCJAC0001,70014,1971,8,47.6,Y
390,IDCJAC0001,70014,1971,9,43.7,Y
391,IDCJAC0001,70014,1971,10,37.4,Y
392,IDCJAC0001,70014,1971,11,82.6,Y
393,IDCJAC0001,70014,1971,12,95.1,Y
394,IDCJAC0001,70014,1972,1,60.5,Y
395,IDCJAC0001,70014,1972,2,45.9,Y
396,IDCJAC0001,70014,1972,3,23.9,Y
397,IDCJAC0001,70014,1972,4,22.0,Y
398,IDCJAC0001,70014,1972,5,39.1,Y
399,IDCJAC0001,70014,1972,6,9.0,Y
400,IDCJAC0001,70014,1972,7,6.8,Y
401,IDCJAC0001,70014,1972,8,68.0,Y
402,IDCJAC0001,70014,1972,9,12.6,Y
403,IDCJAC0001,70014,1972,10,53.0,Y
404,IDCJAC0001,70014,1972,11,52.0,Y
405,IDCJAC0001,70014,1972,12,3.3,Y
406,IDCJAC0001,70014,1973,1,46.7,Y
407,IDCJAC0001,70014,1973,2,135.0,Y
408,IDCJAC0001,70014,1973,3,46.6,Y
409,IDCJAC0001,70014,1973,4,8.2,Y
410,IDCJAC0001,70014,1973,5,52.2,Y
411,IDCJAC0001,70014,1973,6,29.6,Y
412,IDCJAC0001,70014,1973,7,70.5,Y
413,IDCJAC0001,70014,1973,8,64.1,Y
414,IDCJAC0001,70014,1973,9,38.2,Y
415,IDCJAC0001,70014,1973,10,104.2,Y
416,IDCJAC0001,70014,1973,11,117.3,Y
417,IDCJAC0001,70014,1973,12,42.4,Y
418,IDCJAC0001,70014,1974,1,105.8,Y
419,IDCJAC0001,70014,1974,2,87.6,Y
420,IDCJAC0001,70014,1974,3,43.8,Y
421,IDCJAC0001,70014,1974,4,164.4,Y
422,IDCJAC0001,70014,1974,5,49.8,Y
423,IDCJAC0001,70014,1974,6,21.8,Y
424,IDCJAC0001,70014,1974,7,43.2,Y
425,IDCJAC0001,70014,1974,8,156.2,Y
426,IDCJAC0001,70014,1974,9,64.2,Y
427,IDCJAC0001,70014,1974,10,145.6,Y
428,IDCJAC0001,70014,1974,11,92.0,Y
429,IDCJAC0001,70014,1974,12,2.6,Y
430,IDCJAC0001,70014,1975,1,72.0,Y
431,IDCJAC0001,70014,1975,2,109.2,Y
432,IDCJAC0001,70014,1975,3,47.2,Y
433,IDCJAC0001,70014,1975,4,50.2,Y
434,IDCJAC0001,70014,1975,5,15.2,Y
435,IDCJAC0001,70014,1975,6,83.4,Y
436,IDCJAC0001,70014,1975,7,72.2,Y
437,IDCJAC0001,70014,1975,8,37.8,Y
438,IDCJAC0001,70014,1975,9,102.2,Y
439,IDCJAC0001,70014,1975,10,111.0,Y
440,IDCJAC0001,70014,1975,11,39.0,Y
441,IDCJAC0001,70014,1975,12,31.6,Y
442,IDCJAC0001,70014,1976,1,79.0,Y
443,IDCJAC0001,70014,1976,2,81.0,Y
444,IDCJAC0001,70014,1976,3,29.8,Y
445,IDCJAC0001,70014,1976,4,41.6,Y
446,IDCJAC0001,70014,1976,5,0.8,Y
447,IDCJAC0001,70014,1976,6,12.0,Y
448,IDCJAC0001,70014,1976,7,30.0,Y
449,IDCJAC0001,70014,1976,8,23.4,Y
450,IDCJAC0001,70014,1976,9,65.0,Y
451,IDCJAC0001,70014,1976,10,161.0,Y
452,IDCJAC0001,70014,1976,11,49.6,Y
453,IDCJAC0001,70014,1976,12,19.6,Y
454,IDCJAC0001,70014,1977,1,28.4,Y
455,IDCJAC0001,70014,1977,2,148.2,Y
456,IDCJAC0001,70014,1977,3,62.8,Y
457,IDCJAC0001,70014,1977,4,51.0,Y
458,IDCJAC0001,70014,1977,5,73.4,Y
459,IDCJAC0001,70014,1977,6,28.2,Y
460,IDCJAC0001,70014,1977,7,9.4,Y
461,IDCJAC0001,70014,1977,8,21.0,Y
462,IDCJAC0001,70014,1977,9,79.2,Y
463,IDCJAC0001,70014,1977,10,2.4,Y
464,IDCJAC0001,70014,1977,11,4.4,Y
465,IDCJAC0001,70014,1977,12,4.6,Y
466,IDCJAC0001,70014,1978,1,136.6,Y
467,IDCJAC0001,70014,1978,2,4.0,Y
468,IDCJAC0001,70014,1978,3,122.0,Y
469,IDCJAC0001,70014,1978,4,42.6,Y
470,IDCJAC0001,70014,1978,5,74.6,Y
471,IDCJAC0001,70014,1978,6,40.8,Y
472,IDCJAC0001,70014,1978,7,51.0,Y
473,IDCJAC0001,70014,1978,8,13.2,Y
474,IDCJAC0001,70014,1978,9,150.6,Y
475,IDCJAC0001,70014,1978,10,25.2,Y
476,IDCJAC0001,70014,1978,11,51.2,Y
477,IDCJAC0001,70014,1978,12,59.2,Y
478,IDCJAC0001,70014,1979,1,6.0,Y
479,IDCJAC0001,70014,1979,2,0.8,Y
480,IDCJAC0001,70014,1979,3,129.8,Y
481,IDCJAC0001,70014,1979,4,55.4,Y
482,IDCJAC0001,70014,1979,5,12.2,Y
483,IDCJAC0001,70014,1979,6,4.0,Y
484,IDCJAC0001,70014,1979,7,6.0,Y
485,IDCJAC0001,70014,1979,8,43.4,Y
486,IDCJAC0001,70014,1979,9,42.4,Y
487,IDCJAC0001,70014,1979,10,36.0,Y
488,IDCJAC0001,70014,1979,11,55.2,Y
489,IDCJAC0001,70014,1979,12,1.0,Y
490,IDCJAC0001,70014,1980,1,77.0,Y
491,IDCJAC0001,70014,1980,2,57.2,Y
492,IDCJAC0001,70014,1980,3,9.6,Y
493,IDCJAC0001,70014,1980,4,1.0,Y
494,IDCJAC0001,70014,1980,5,44.2,Y
495,IDCJAC0001,70014,1980,6,31.0,Y
496,IDCJAC0001,70014,1980,7,36.2,Y
497,IDCJAC0001,70014,1980,8,22.2,Y
498,IDCJAC0001,70014,1980,9,27.4,Y
499,IDCJAC0001,70014,1980,10,47.0,Y
500,IDCJAC0001,70014,1980,11,55.4,Y
501,IDCJAC0001,70014,1980,12,68.6,Y
502,IDCJAC0001,70014,1981,1,32.0,Y
503,IDCJAC0001,70014,1981,2,140.2,Y
504,IDCJAC0001,70014,1981,3,19.8,Y
505,IDCJAC0001,70014,1981,4,12.6,Y
506,IDCJAC0001,70014,1981,5,46.8,Y
507,IDCJAC0001,70014,1981,6,110.4,Y
508,IDCJAC0001,70014,1981,7,72.8,Y
509,IDCJAC0001,70014,1981,8,57.8,Y
510,IDCJAC0001,70014,1981,9,24.2,Y
511,IDCJAC0001,70014,1981,10,29.4,Y
512,IDCJAC0001,70014,1981,11,69.0,Y
513,IDCJAC0001,70014,1981,12,36.4,Y
514,IDCJAC0001,70014,1982,1,18.2,Y
515,IDCJAC0001,70014,1982,2,18.4,Y
516,IDCJAC0001,70014,1982,3,97.4,Y
517,IDCJAC0001,70014,1982,4,7.6,Y
518,IDCJAC0001,70014,1982,5,0.0,Y
519,IDCJAC0001,70014,1982,6,14.8,Y
520,IDCJAC0001,70014,1982,7,3.8,Y
521,IDCJAC0001,70014,1982,8,10.8,Y
522,IDCJAC0001,70014,1982,9,53.2,Y
523,IDCJAC0001,70014,1982,10,10.8,Y
524,IDCJAC0001,70014,1982,11,0.2,Y
525,IDCJAC0001,70014,1982,12,26.4,Y
526,IDCJAC0001,70014,1983,1,28.6,Y
527,IDCJAC0001,70014,1983,2,33.2,Y
528,IDCJAC0001,70014,1983,3,63.6,Y
529,IDCJAC0001,70014,1983,4,47.2,Y
530,IDCJAC0001,70014,1983,5,96.4,Y
531,IDCJAC0001,70014,1983,6,28.8,Y
532,IDCJAC0001,70014,1983,7,29.2,Y
533,IDCJAC0001,70014,1983,8,50.2,Y
534,IDCJAC0001,70014,1983,9,61.4,Y
535,IDCJAC0001,70014,1983,10,116.6,Y
536,IDCJAC0001,70014,1983,11,111.6,Y
537,IDCJAC0001,70014,1983,12,90.2,Y
538,IDCJAC0001,70014,1984,1,185.4,Y
539,IDCJAC0001,70014,1984,2,59.2,Y
540,IDCJAC0001,70014,1984,3,56.4,Y
541,IDCJAC0001,70014,1984,4,97.0,Y
542,IDCJAC0001,70014,1984,5,16.4,Y
543,IDCJAC0001,70014,1984,6,8.4,Y
544,IDCJAC0001,70014,1984,7,89.2,Y
545,IDCJAC0001,70014,1984,8,58.8,Y
546,IDCJAC0001,70014,1984,9,62.0,Y
547,IDCJAC0001,70014,1984,10,42.6,Y
548,IDCJAC0001,70014,1984,11,36.2,Y
549,IDCJAC0001,70014,1984,12,28.0,Y
550,IDCJAC0001,70014,1985,1,2.8,Y
551,IDCJAC0001,70014,1985,2,8.8,Y
552,IDCJAC0001,70014,1985,3,67.2,Y
553,IDCJAC0001,70014,1985,4,24.6,Y
554,IDCJAC0001,70014,1985,5,47.6,Y
555,IDCJAC0001,70014,1985,6,33.2,Y
556,IDCJAC0001,70014,1985,7,24.0,Y
557,IDCJAC0001,70014,1985,8,120.2,Y
558,IDCJAC0001,70014,1985,9,72.6,Y
559,IDCJAC0001,70014,1985,10,63.2,Y
560,IDCJAC0001,70014,1985,11,73.8,Y
561,IDCJAC0001,70014,1985,12,29.8,Y
562,IDCJAC0001,70014,1986,1,49.2,Y
563,IDCJAC0001,70014,1986,2,0.4,Y
564,IDCJAC0001,70014,1986,3,2.2,Y
565,IDCJAC0001,70014,1986,4,57.4,Y
566,IDCJAC0001,70014,1986,5,47.4,Y
567,IDCJAC0001,70014,1986,6,6.6,Y
568,IDCJAC0001,70014,1986,7,88.8,Y
569,IDCJAC0001,70014,1986,8,53.8,Y
570,IDCJAC0001,70014,1986,9,33.6,Y
571,IDCJAC0001,70014,1986,10,73.0,Y
572,IDCJAC0001,70014,1986,11,96.2,Y
573,IDCJAC0001,70014,1986,12,21.0,Y
574,IDCJAC0001,70014,1987,1,27.2,Y
575,IDCJAC0001,70014,1987,2,84.8,Y
576,IDCJAC0001,70014,1987,3,30.4,Y
577,IDCJAC0001,70014,1987,4,12.4,Y
578,IDCJAC0001,70014,1987,5,56.6,Y
579,IDCJAC0001,70014,1987,6,40.4,Y
580,IDCJAC0001,70014,1987,7,37.8,Y
581,IDCJAC0001,70014,1987,8,45.4,Y
582,IDCJAC0001,70014,1987,9,24.0,Y
583,IDCJAC0001,70014,1987,10,57.8,Y
584,IDCJAC0001,70014,1987,11,55.0,Y
585,IDCJAC0001,70014,1987,12,116.0,Y
586,IDCJAC0001,70014,1988,1,11.6,Y
587,IDCJAC0001,70014,1988,2,46.6,Y
588,IDCJAC0001,70014,1988,3,16.8,Y
589,IDCJAC0001,70014,1988,4,100.8,Y
590,IDCJAC0001,70014,1988,5,72.4,Y
591,IDCJAC0001,70014,1988,6,56.0,Y
592,IDCJAC0001,70014,1988,7,99.8,Y
593,IDCJAC0001,70014,1988,8,49.8,Y
594,IDCJAC0001,70014,1988,9,63.2,Y
595,IDCJAC0001,70014,1988,10,29.2,Y
596,IDCJAC0001,70014,1988,11,97.4,Y
597,IDCJAC0001,70014,1988,12,121.4,Y
598,IDCJAC0001,70014,1989,1,23.2,Y
599,IDCJAC0001,70014,1989,2,4.8,Y
600,IDCJAC0001,70014,1989,3,243.6,Y
601,IDCJAC0001,70014,1989,4,187.2,Y
602,IDCJAC0001,70014,1989,5,47.0,Y
603,IDCJAC0001,70014,1989,6,25.0,Y
604,IDCJAC0001,70014,1989,7,40.6,Y
605,IDCJAC0001,70014,1989,8,24.2,Y
606,IDCJAC0001,70014,1989,9,14.0,Y
607,IDCJAC0001,70014,1989,10,30.4,Y
608,IDCJAC0001,70014,1989,11,136.2,Y
609,IDCJAC0001,70014,1989,12,49.2,Y
610,IDCJAC0001,70014,1990,1,35.0,Y
611,IDCJAC0001,70014,1990,2,80.8,Y
612,IDCJAC0001,70014,1990,3,6.2,Y
613,IDCJAC0001,70014,1990,4,137.6,Y
614,IDCJAC0001,70014,1990,5,82.2,Y
615,IDCJAC0001,70014,1990,6,18.0,Y
616,IDCJAC0001,70014,1990,7,55.4,Y
617,IDCJAC0001,70014,1990,8,44.4,Y
618,IDCJAC0001,70014,1990,9,32.0,Y
619,IDCJAC0001,70014,1990,10,58.4,Y
620,IDCJAC0001,70014,1990,11,23.2,Y
621,IDCJAC0001,70014,1990,12,44.0,Y
622,IDCJAC0001,70014,1991,1,82.2,Y
623,IDCJAC0001,70014,1991,2,19.2,Y
624,IDCJAC0001,70014,1991,3,16.0,Y
625,IDCJAC0001,70014,1991,4,16.2,Y
626,IDCJAC0001,70014,1991,5,32.2,Y
627,IDCJAC0001,70014,1991,6,97.0,Y
628,IDCJAC0001,70014,1991,7,108.0,Y
629,IDCJAC0001,70014,1991,8,70.6,Y
630,IDCJAC0001,70014,1991,9,57.6,Y
631,IDCJAC0001,70014,1991,10,21.8,Y
632,IDCJAC0001,70014,1991,11,21.4,Y
633,IDCJAC0001,70014,1991,12,56.0,Y
634,IDCJAC0001,70014,1992,1,115.0,Y
635,IDCJAC0001,70014,1992,2,73.0,Y
636,IDCJAC0001,70014,1992,3,54.4,Y
637,IDCJAC0001,70014,1992,4,33.0,Y
638,IDCJAC0001,70014,1992,5,38.0,Y
639,IDCJAC0001,70014,1992,6,23.6,Y
640,IDCJAC0001,70014,1992,7,16.8,Y
641,IDCJAC0001,70014,1992,8,75.0,Y
642,IDCJAC0001,70014,1992,9,67.4,Y
643,IDCJAC0001,70014,1992,10,78.8,Y
644,IDCJAC0001,70014,1992,11,111.0,Y
645,IDCJAC0001,70014,1992,12,84.8,Y
646,IDCJAC0001,70014,1993,1,133.0,Y
647,IDCJAC0001,70014,1993,2,32.4,Y
648,IDCJAC0001,70014,1993,3,100.8,Y
649,IDCJAC0001,70014,1993,4,22.4,Y
650,IDCJAC0001,70014,1993,5,20.0,Y
651,IDCJAC0001,70014,1993,6,25.4,Y
652,IDCJAC0001,70014,1993,7,121.0,Y
653,IDCJAC0001,70014,1993,8,12.4,Y
654,IDCJAC0001,70014,1993,9,80.6,Y
655,IDCJAC0001,70014,1993,10,54.4,Y
656,IDCJAC0001,70014,1993,11,66.6,Y
657,IDCJAC0001,70014,1993,12,23.2,Y
658,IDCJAC0001,70014,1994,1,9.2,Y
659,IDCJAC0001,70014,1994,2,66.4,Y
660,IDCJAC0001,70014,1994,3,21.4,Y
661,IDCJAC0001,70014,1994,4,70.4,Y
662,IDCJAC0001,70014,1994,5,5.8,Y
663,IDCJAC0001,70014,1994,6,35.0,Y
664,IDCJAC0001,70014,1994,7,9.2,Y
665,IDCJAC0001,70014,1994,8,2.0,Y
666,IDCJAC0001,70014,1994,9,3.0,Y
667,IDCJAC0001,70014,1994,10,46.8,Y
668,IDCJAC0001,70014,1994,11,46.4,Y
669,IDCJAC0001,70014,1994,12,67.8,Y
670,IDCJAC0001,70014,1995,1,218.4,Y
671,IDCJAC0001,70014,1995,2,3.6,Y
672,IDCJAC0001,70014,1995,3,4.4,Y
673,IDCJAC0001,70014,1995,4,10.8,Y
674,IDCJAC0001,70014,1995,5,137.4,Y
675,IDCJAC0001,70014,1995,6,38.8,Y
676,IDCJAC0001,70014,1995,7,53.4,Y
677,IDCJAC0001,70014,1995,8,5.2,Y
678,IDCJAC0001,70014,1995,9,42.8,Y
679,IDCJAC0001,70014,1995,10,87.0,Y
680,IDCJAC0001,70014,1995,11,138.2,Y
681,IDCJAC0001,70014,1995,12,61.0,Y
682,IDCJAC0001,70014,1996,1,84.8,Y
683,IDCJAC0001,70014,1996,2,38.4,Y
684,IDCJAC0001,70014,1996,3,20.6,Y
685,IDCJAC0001,70014,1996,4,18.2,Y
686,IDCJAC0001,70014,1996,5,59.8,Y
687,IDCJAC0001,70014,1996,6,35.8,Y
688,IDCJAC0001,70014,1996,7,73.0,Y
689,IDCJAC0001,70014,1996,8,45.4,Y
690,IDCJAC0001,70014,1996,9,88.6,Y
691,IDCJAC0001,70014,1996,10,67.8,Y
692,IDCJAC0001,70014,1996,11,79.2,Y
693,IDCJAC0001,70014,1996,12,61.0,Y
694,IDCJAC0001,70014,1997,1,51.2,Y
695,IDCJAC0001,70014,1997,2,28.6,Y
696,IDCJAC0001,70014,1997,3,30.8,Y
697,IDCJAC0001,70014,1997,4,0.6,Y
698,IDCJAC0001,70014,1997,5,29.4,Y
699,IDCJAC0001,70014,1997,6,118.2,Y
700,IDCJAC0001,70014,1997,7,12.4,Y
701,IDCJAC0001,70014,1997,8,26.0,Y
702,IDCJAC0001,70014,1997,9,84.0,Y
703,IDCJAC0001,70014,1997,10,15.0,Y
704,IDCJAC0001,70014,1997,11,20.0,Y
705,IDCJAC0001,70014,1997,12,9.8,Y
706,IDCJAC0001,70014,1998,1,22.8,Y
707,IDCJAC0001,70014,1998,2,38.4,Y
708,IDCJAC0001,70014,1998,3,3.6,Y
709,IDCJAC0001,70014,1998,4,51.4,Y
710,IDCJAC0001,70014,1998,5,37.8,Y
711,IDCJAC0001,70014,1998,6,117.4,Y
712,IDCJAC0001,70014,1998,7,69.8,Y
713,IDCJAC0001,70014,1998,8,118.6,Y
714,IDCJAC0001,70014,1998,9,57.0,Y
715,IDCJAC0001,70014,1998,10,59.0,Y
716,IDCJAC0001,70014,1998,11,79.6,Y
717,IDCJAC0001,70014,1998,12,13.8,Y
718,IDCJAC0001,70014,1999,1,97.4,Y
719,IDCJAC0001,70014,1999,2,10.0,Y
720,IDCJAC0001,70014,1999,3,70.8,Y
721,IDCJAC0001,70014,1999,4,53.8,Y
722,IDCJAC0001,70014,1999,5,23.0,Y
723,IDCJAC0001,70014,1999,6,35.8,Y
724,IDCJAC0001,70014,1999,7,18.2,Y
725,IDCJAC0001,70014,1999,8,45.6,Y
726,IDCJAC0001,70014,1999,9,70.0,Y
727,IDCJAC0001,70014,1999,10,106.2,Y
728,IDCJAC0001,70014,1999,11,41.4,Y
729,IDCJAC0001,70014,1999,12,139.6,Y
730,IDCJAC0001,70014,2000,1,35.8,Y
731,IDCJAC0001,70014,2000,2,14.6,Y
732,IDCJAC0001,70014,2000,3,43.4,Y
733,IDCJAC0001,70014,2000,4,61.8,Y
734,IDCJAC0001,70014,2000,5,58.0,Y
735,IDCJAC0001,70014,2000,6,26.6,Y
736,IDCJAC0001,70014,2000,7,31.0,Y
737,IDCJAC0001,70014,2000,8,64.6,Y
738,IDCJAC0001,70014,2000,9,85.6,Y
739,IDCJAC0001,70014,2000,10,56.8,Y
740,IDCJAC0001,70014,2000,11,121.2,Y
741,IDCJAC0001,70014,2000,12,27.0,Y
742,IDCJAC0001,70014,2001,1,40.4,Y
743,IDCJAC0001,70014,2001,2,98.0,Y
744,IDCJAC0001,70014,2001,3,48.6,Y
745,IDCJAC0001,70014,2001,4,10.6,Y
746,IDCJAC0001,70014,2001,5,2.6,Y
747,IDCJAC0001,70014,2001,6,31.8,Y
748,IDCJAC0001,70014,2001,7,38.8,Y
749,IDCJAC0001,70014,2001,8,60.8,Y
750,IDCJAC0001,70014,2001,9,62.2,Y
751,IDCJAC0001,70014,2001,10,45.6,Y
752,IDCJAC0001,70014,2001,11,45.4,Y
753,IDCJAC0001,70014,2001,12,15.2,Y
754,IDCJAC0001,70014,2002,1,26.4,Y
755,IDCJAC0001,70014,2002,2,211.0,Y
756,IDCJAC0001,70014,2002,3,40.8,Y
757,IDCJAC0001,70014,2002,4,21.2,Y
758,IDCJAC0001,70014,2002,5,27.0,Y
759,IDCJAC0001,70014,2002,6,40.8,Y
760,IDCJAC0001,70014,2002,7,16.8,Y
761,IDCJAC0001,70014,2002,8,22.8,Y
762,IDCJAC0001,70014,2002,9,58.4,Y
763,IDCJAC0001,70014,2002,10,11.6,Y
764,IDCJAC0001,70014,2002,11,10.4,Y
765,IDCJAC0001,70014,2002,12,18.2,Y
766,IDCJAC0001,70014,2003,1,11.4,Y
767,IDCJAC0001,70014,2003,2,55.2,Y
768,IDCJAC0001,70014,2003,3,58.4,Y
769,IDCJAC0001,70014,2003,4,15.4,Y
770,IDCJAC0001,70014,2003,5,14.6,Y
771,IDCJAC0001,70014,2003,6,46.6,Y
772,IDCJAC0001,70014,2003,7,36.4,Y
773,IDCJAC0001,70014,2003,8,66.2,Y
774,IDCJAC0001,70014,2003,9,44.8,Y
775,IDCJAC0001,70014,2003,10,59.6,Y
776,IDCJAC0001,70014,2003,11,73.2,Y
777,IDCJAC0001,70014,2003,12,87.4,Y
778,IDCJAC0001,70014,2004,1,49.0,Y
779,IDCJAC0001,70014,2004,2,21.4,Y
780,IDCJAC0001,70014,2004,3,4.4,Y
781,IDCJAC0001,70014,2004,4,2.4,Y
782,IDCJAC0001,70014,2004,5,6.6,Y
783,IDCJAC0001,70014,2004,6,11.6,Y
784,IDCJAC0001,70014,2004,7,10.8,Y
785,IDCJAC0001,70014,2004,8,67.8,Y
786,IDCJAC0001,70014,2004,9,48.0,Y
787,IDCJAC0001,70014,2004,10,55.0,Y
788,IDCJAC0001,70014,2004,11,85.8,Y
789,IDCJAC0001,70014,2004,12,72.4,Y
790,IDCJAC0001,70014,2005,1,57.2,Y
791,IDCJAC0001,70014,2005,2,73.6,Y
792,IDCJAC0001,70014,2005,3,40.2,Y
793,IDCJAC0001,70014,2005,4,6.8,Y
794,IDCJAC0001,70014,2005,5,0.8,Y
795,IDCJAC0001,70014,2005,6,73.0,Y
796,IDCJAC0001,70014,2005,7,86.4,Y
797,IDCJAC0001,70014,2005,8,45.8,Y
798,IDCJAC0001,70014,2005,9,100.6,Y
799,IDCJAC0001,70014,2005,10,61.0,Y
800,IDCJAC0001,70014,2005,11,83.4,Y
801,IDCJAC0001,70014,2005,12,19.8,Y
802,IDCJAC0001,70014,2006,1,79.0,Y
803,IDCJAC0001,70014,2006,2,23.8,Y
804,IDCJAC0001,70014,2006,3,30.8,Y
805,IDCJAC0001,70014,2006,4,14.8,Y
806,IDCJAC0001,70014,2006,5,9.4,Y
807,IDCJAC0001,70014,2006,6,74.4,Y
808,IDCJAC0001,70014,2006,7,36.4,Y
809,IDCJAC0001,70014,2006,8,11.6,Y
810,IDCJAC0001,70014,2006,9,18.4,Y
811,IDCJAC0001,70014,2006,10,4.0,Y
812,IDCJAC0001,70014,2006,11,41.8,Y
813,IDCJAC0001,70014,2006,12,16.8,Y
814,IDCJAC0001,70014,2007,1,9.6,Y
815,IDCJAC0001,70014,2007,2,95.2,Y
816,IDCJAC0001,70014,2007,3,36.6,Y
817,IDCJAC0001,70014,2007,4,27.8,Y
818,IDCJAC0001,70014,2007,5,41.6,Y
819,IDCJAC0001,70014,2007,6,92.8,Y
820,IDCJAC0001,70014,2007,7,18.8,Y
821,IDCJAC0001,70014,2007,8,11.6,Y
822,IDCJAC0001,70014,2007,9,14.6,Y
823,IDCJAC0001,70014,2007,10,23.4,Y
824,IDCJAC0001,70014,2007,11,95.4,Y
825,IDCJAC0001,70014,2007,12,101.0,Y
826,IDCJAC0001,70014,2008,1,43.8,Y
827,IDCJAC0001,70014,2008,2,64.6,Y
828,IDCJAC0001,70014,2008,3,30.0,Y
829,IDCJAC0001,70014,2008,4,17.4,Y
830,IDCJAC0001,70014,2008,5,12.8,Y
831,IDCJAC0001,70014,2008,6,21.8,Y
832,IDCJAC0001,70014,2008,7,44.0,Y
833,IDCJAC0001,70014,2008,8,17.6,Y
834,IDCJAC0001,70014,2008,9,40.8,Y
835,IDCJAC0001,70014,2008,10,33.6,Y
836,IDCJAC0001,70014,2008,11,87.4,Y
837,IDCJAC0001,70014,2008,12,121.0,Y
838,IDCJAC0001,70014,2009,1,52.0,Y
839,IDCJAC0001,70014,2009,2,7.0,Y
840,IDCJAC0001,70014,2009,3,10.2,Y
841,IDCJAC0001,70014,2009,4,72.6,Y
842,IDCJAC0001,70014,2009,5,2.4,Y
843,IDCJAC0001,70014,2009,6,35.4,Y
844,IDCJAC0001,70014,2009,7,30.4,Y
845,IDCJAC0001,70014,2009,8,38.4,Y
846,IDCJAC0001,70014,2009,9,57.6,Y
847,IDCJAC0001,70014,2009,10,43.2,Y
848,IDCJAC0001,70014,2009,11,17.2,Y
849,IDCJAC0001,70014,2009,12,76.0,Y
850,IDCJAC0001,70014,2010,1,7.8,Y
851,IDCJAC0001,70014,2010,2,129.2,Y
852,IDCJAC0001,70014,2010,3,85.6,N
853,IDCJAC0001,70014,2010,4,18.0,N
854,IDCJAC0001,70014,2010,5,71.6,N
855,IDCJAC0001,70014,2010,6,19.0,N
856,IDCJAC0001,70014,2010,7,53.8,Y
857,IDCJAC0001,70014,2010,8,54.8,N
858,IDCJAC0001,70014,2010,9,34.0,N
859,IDCJAC0001,70014,2010,10,87.0,N
860,IDCJAC0001,70014,2010,11,103.0,N
861,IDCJAC0001,70014,2010,12,9.8,N
