,month,soi
0,1876-01-01,11.3
1,1876-02-01,11.0
2,1876-03-01,0.2
3,1876-04-01,9.4
4,1876-05-01,6.8
5,1876-06-01,17.2
6,1876-07-01,-5.6
7,1876-08-01,12.3
8,1876-09-01,10.5
9,1876-10-01,-8.0
10,1876-11-01,-2.7
11,1876-12-01,-3.0
12,1877-01-01,-9.7
13,1877-02-01,-6.5
14,1877-03-01,-4.7
15,1877-04-01,-9.6
16,1877-05-01,3.6
17,1877-06-01,-16.8
18,1877-07-01,-10.2
19,1877-08-01,-8.2
20,1877-09-01,-17.2
21,1877-10-01,-16.0
22,1877-11-01,-12.6
23,1877-12-01,-12.6
24,1878-01-01,-8.7
25,1878-02-01,-21.1
26,1878-03-01,-15.5
27,1878-04-01,-8.8
28,1878-05-01,2.1
29,1878-06-01,-3.1
30,1878-07-01,15.9
31,1878-08-01,13.0
32,1878-09-01,17.7
33,1878-10-01,10.9
34,1878-11-01,15.1
35,1878-12-01,17.9
36,1879-01-01,12.7
37,1879-02-01,14.3
38,1879-03-01,13.2
39,1879-04-01,12.7
40,1879-05-01,2.1
41,1879-06-01,16.4
42,1879-07-01,21.8
43,1879-08-01,22.6
44,1879-09-01,18.9
45,1879-10-01,15.2
46,1879-11-01,9.8
47,1879-12-01,-5.5
48,1880-01-01,10.8
49,1880-02-01,7.7
50,1880-03-01,14.3
51,1880-04-01,5.3
52,1880-05-01,12.3
53,1880-06-01,9.1
54,1880-07-01,1.6
55,1880-08-01,14.3
56,1880-09-01,8.1
57,1880-10-01,4.8
58,1880-11-01,7.2
59,1880-12-01,-1.9
60,1881-01-01,-7.3
61,1881-02-01,-5.5
62,1881-03-01,1.8
63,1881-04-01,0.3
64,1881-05-01,-4.3
65,1881-06-01,-4.7
66,1881-07-01,-5.6
67,1881-08-01,-11.4
68,1881-09-01,-13.6
69,1881-10-01,-23.9
70,1881-11-01,7.2
71,1881-12-01,9.8
72,1882-01-01,-6.8
73,1882-02-01,-1.3
74,1882-03-01,5.1
75,1882-04-01,1.2
76,1882-05-01,6.8
77,1882-06-01,-12.0
78,1882-07-01,-21.3
79,1882-08-01,-25.6
80,1882-09-01,-14.8
81,1882-10-01,-2.5
82,1882-11-01,2.6
83,1882-12-01,10.3
84,1883-01-01,6.0
85,1883-02-01,9.1
86,1883-03-01,-25.3
87,1883-04-01,14.4
88,1883-05-01,13.9
89,1883-06-01,3.4
90,1883-07-01,-10.2
91,1883-08-01,1.4
92,1883-09-01,-8.2
93,1883-10-01,4.8
94,1883-11-01,5.2
95,1883-12-01,-15.2
96,1884-01-01,-12.5
97,1884-02-01,-5.0
98,1884-03-01,9.4
99,1884-04-01,-15.4
100,1884-05-01,1.3
101,1884-06-01,9.1
102,1884-07-01,-3.0
103,1884-08-01,-5.0
104,1884-09-01,-7.0
105,1884-10-01,4.2
106,1884-11-01,-1.4
107,1884-12-01,-12.6
108,1885-01-01,-16.3
109,1885-02-01,1.6
110,1885-03-01,5.1
111,1885-04-01,-0.5
112,1885-05-01,-4.3
113,1885-06-01,-14.4
114,1885-07-01,-5.0
115,1885-08-01,-9.5
116,1885-09-01,-4.0
117,1885-10-01,-17.8
118,1885-11-01,-15.9
119,1885-12-01,5.2
120,1886-01-01,-0.6
121,1886-02-01,1.6
122,1886-03-01,2.9
123,1886-04-01,4.5
124,1886-05-01,6.0
125,1886-06-01,5.0
126,1886-07-01,7.4
127,1886-08-01,13.6
128,1886-09-01,13.5
129,1886-10-01,13.4
130,1886-11-01,10.5
131,1886-12-01,14.4
132,1887-01-01,12.2
133,1887-02-01,11.0
134,1887-03-01,10.0
135,1887-04-01,9.4
136,1887-05-01,-4.3
137,1887-06-01,5.0
138,1887-07-01,4.8
139,1887-08-01,4.6
140,1887-09-01,5.1
141,1887-10-01,4.8
142,1887-11-01,-5.3
143,1887-12-01,5.2
144,1888-01-01,-3.0
145,1888-02-01,-2.2
146,1888-03-01,-11.7
147,1888-04-01,-23.6
148,1888-05-01,-9.8
149,1888-06-01,-16.0
150,1888-07-01,-16.7
151,1888-08-01,-8.9
152,1888-09-01,-9.4
153,1888-10-01,-14.7
154,1888-11-01,-12.6
155,1888-12-01,-2.4
156,1889-01-01,-25.9
157,1889-02-01,-1.7
158,1889-03-01,-27.5
159,1889-04-01,-0.5
160,1889-05-01,-1.9
161,1889-06-01,22.0
162,1889-07-01,1.6
163,1889-08-01,2.1
164,1889-09-01,11.1
165,1889-10-01,4.2
166,1889-11-01,23.0
167,1889-12-01,22.0
168,1890-01-01,20.8
169,1890-02-01,11.0
170,1890-03-01,14.3
171,1890-04-01,6.9
172,1890-05-01,3.6
173,1890-06-01,5.8
174,1890-07-01,-2.3
175,1890-08-01,-3.1
176,1890-09-01,9.3
177,1890-10-01,3.6
178,1890-11-01,2.6
179,1890-12-01,0.6
180,1891-01-01,15.6
181,1891-02-01,-3.6
182,1891-03-01,-9.5
183,1891-04-01,4.5
184,1891-05-01,-0.3
185,1891-06-01,-1.5
186,1891-07-01,-6.3
187,1891-08-01,-8.9
188,1891-09-01,-10.6
189,1891-10-01,0.6
190,1891-11-01,-4.7
191,1891-12-01,-4.5
192,1892-01-01,2.7
193,1892-02-01,-10.2
194,1892-03-01,11.1
195,1892-04-01,6.9
196,1892-05-01,10.0
197,1892-06-01,19.6
198,1892-07-01,7.4
199,1892-08-01,5.9
200,1892-09-01,6.3
201,1892-10-01,8.5
202,1892-11-01,-0.7
203,1892-12-01,3.7
204,1893-01-01,11.3
205,1893-02-01,7.7
206,1893-03-01,-1.4
207,1893-04-01,1.2
208,1893-05-01,-3.5
209,1893-06-01,10.7
210,1893-07-01,14.0
211,1893-08-01,7.8
212,1893-09-01,5.7
213,1893-10-01,7.9
214,1893-11-01,2.6
215,1893-12-01,1.6
216,1894-01-01,17.5
217,1894-02-01,10.0
218,1894-03-01,5.6
219,1894-04-01,-3.0
220,1894-05-01,-5.1
221,1894-06-01,-1.5
222,1894-07-01,-2.3
223,1894-08-01,-5.7
224,1894-09-01,-1.6
225,1894-10-01,1.8
226,1894-11-01,7.2
227,1894-12-01,0.1
228,1895-01-01,5.6
229,1895-02-01,3.0
230,1895-03-01,-0.3
231,1895-04-01,-7.1
232,1895-05-01,-8.2
233,1895-06-01,-4.7
234,1895-07-01,-0.4
235,1895-08-01,-6.3
236,1895-09-01,-4.0
237,1895-10-01,-5.6
238,1895-11-01,-8.6
239,1895-12-01,-3.5
240,1896-01-01,1.3
241,1896-02-01,4.9
242,1896-03-01,-6.3
243,1896-04-01,-8.8
244,1896-05-01,-42.2
245,1896-06-01,-30.6
246,1896-07-01,-20.6
247,1896-08-01,-22.4
248,1896-09-01,-19.0
249,1896-10-01,-19.0
250,1896-11-01,-11.9
251,1896-12-01,-14.2
252,1897-01-01,-12.5
253,1897-02-01,-7.4
254,1897-03-01,-16.6
255,1897-04-01,-17.8
256,1897-05-01,-16.9
257,1897-06-01,0.2
258,1897-07-01,-2.3
259,1897-08-01,0.8
260,1897-09-01,0.2
261,1897-10-01,1.8
262,1897-11-01,-8.0
263,1897-12-01,10.3
264,1898-01-01,7.0
265,1898-02-01,6.3
266,1898-03-01,19.2
267,1898-04-01,11.1
268,1898-05-01,-1.9
269,1898-06-01,-2.3
270,1898-07-01,6.1
271,1898-08-01,2.1
272,1898-09-01,3.2
273,1898-10-01,-0.7
274,1898-11-01,-2.7
275,1898-12-01,-0.4
276,1899-01-01,13.2
277,1899-02-01,9.1
278,1899-03-01,13.8
279,1899-04-01,4.5
280,1899-05-01,-7.4
281,1899-06-01,-10.4
282,1899-07-01,-5.6
283,1899-08-01,-10.1
284,1899-09-01,-1.6
285,1899-10-01,6.1
286,1899-11-01,15.8
287,1899-12-01,-3.0
288,1900-01-01,-7.3
289,1900-02-01,-6.5
290,1900-03-01,-25.3
291,1900-04-01,-18.7
292,1900-05-01,-7.4
293,1900-06-01,26.1
294,1900-07-01,10.0
295,1900-08-01,7.8
296,1900-09-01,-16.6
297,1900-10-01,-17.2
298,1900-11-01,-6.0
299,1900-12-01,-5.5
300,1901-01-01,-0.1
301,1901-02-01,3.0
302,1901-03-01,9.4
303,1901-04-01,4.5
304,1901-05-01,-0.3
305,1901-06-01,19.6
306,1901-07-01,14.6
307,1901-08-01,9.8
308,1901-09-01,-16.0
309,1901-10-01,-22.1
310,1901-11-01,-8.6
311,1901-12-01,-1.9
312,1902-01-01,17.0
313,1902-02-01,-2.2
314,1902-03-01,11.6
315,1902-04-01,7.8
316,1902-05-01,7.6
317,1902-06-01,2.6
318,1902-07-01,1.6
319,1902-08-01,-8.9
320,1902-09-01,-17.8
321,1902-10-01,-7.4
322,1902-11-01,-3.4
323,1902-12-01,-3.0
324,1903-01-01,-9.2
325,1903-02-01,-10.2
326,1903-03-01,17.6
327,1903-04-01,17.7
328,1903-05-01,7.6
329,1903-06-01,-0.6
330,1903-07-01,6.1
331,1903-08-01,0.1
332,1903-09-01,8.7
333,1903-10-01,4.2
334,1903-11-01,1.3
335,1903-12-01,15.9
336,1904-01-01,14.1
337,1904-02-01,16.2
338,1904-03-01,9.4
339,1904-04-01,31.7
340,1904-05-01,9.2
341,1904-06-01,-7.1
342,1904-07-01,-8.9
343,1904-08-01,0.8
344,1904-09-01,0.2
345,1904-10-01,1.2
346,1904-11-01,-17.2
347,1904-12-01,2.6
348,1905-01-01,-9.2
349,1905-02-01,-16.8
350,1905-03-01,-30.2
351,1905-04-01,-42.6
352,1905-05-01,-37.4
353,1905-06-01,-31.4
354,1905-07-01,-21.3
355,1905-08-01,-7.6
356,1905-09-01,-7.0
357,1905-10-01,-5.6
358,1905-11-01,-17.9
359,1905-12-01,-13.1
360,1906-01-01,-3.5
361,1906-02-01,-7.4
362,1906-03-01,-5.2
363,1906-04-01,-8.8
364,1906-05-01,1.3
365,1906-06-01,-3.9
366,1906-07-01,6.8
367,1906-08-01,15.5
368,1906-09-01,18.3
369,1906-10-01,9.1
370,1906-11-01,21.7
371,1906-12-01,4.7
372,1907-01-01,5.1
373,1907-02-01,1.6
374,1907-03-01,-0.3
375,1907-04-01,4.5
376,1907-05-01,10.0
377,1907-06-01,8.3
378,1907-07-01,-4.3
379,1907-08-01,-8.2
380,1907-09-01,0.2
381,1907-10-01,0.6
382,1907-11-01,-2.0
383,1907-12-01,8.8
384,1908-01-01,-10.6
385,1908-02-01,7.7
386,1908-03-01,0.2
387,1908-04-01,16.8
388,1908-05-01,-1.1
389,1908-06-01,-2.3
390,1908-07-01,2.2
391,1908-08-01,5.3
392,1908-09-01,17.7
393,1908-10-01,7.9
394,1908-11-01,2.6
395,1908-12-01,-5.5
396,1909-01-01,-2.5
397,1909-02-01,-3.2
398,1909-03-01,-0.3
399,1909-04-01,-14.5
400,1909-05-01,2.1
401,1909-06-01,22.8
402,1909-07-01,10.7
403,1909-08-01,9.8
404,1909-09-01,0.8
405,1909-10-01,4.2
406,1909-11-01,9.2
407,1909-12-01,4.7
408,1910-01-01,5.6
409,1910-02-01,15.2
410,1910-03-01,12.7
411,1910-04-01,5.3
412,1910-05-01,0.5
413,1910-06-01,22.0
414,1910-07-01,20.5
415,1910-08-01,9.8
416,1910-09-01,15.3
417,1910-10-01,10.3
418,1910-11-01,19.7
419,1910-12-01,15.9
420,1911-01-01,3.2
421,1911-02-01,1.6
422,1911-03-01,3.5
423,1911-04-01,2.0
424,1911-05-01,-8.2
425,1911-06-01,-12.0
426,1911-07-01,-12.8
427,1911-08-01,-12.1
428,1911-09-01,-8.8
429,1911-10-01,-11.7
430,1911-11-01,-7.3
431,1911-12-01,-1.4
432,1912-01-01,-9.7
433,1912-02-01,-17.3
434,1912-03-01,-9.0
435,1912-04-01,-21.1
436,1912-05-01,-13.0
437,1912-06-01,-6.3
438,1912-07-01,-0.4
439,1912-08-01,-7.6
440,1912-09-01,-4.0
441,1912-10-01,-8.0
442,1912-11-01,2.6
443,1912-12-01,-8.0
444,1913-01-01,-3.5
445,1913-02-01,-5.0
446,1913-03-01,1.3
447,1913-04-01,-6.3
448,1913-05-01,-8.2
449,1913-06-01,-3.9
450,1913-07-01,-1.7
451,1913-08-01,-7.6
452,1913-09-01,-9.4
453,1913-10-01,-9.2
454,1913-11-01,-11.9
455,1913-12-01,-7.0
456,1914-01-01,-5.4
457,1914-02-01,2.0
458,1914-03-01,9.4
459,1914-04-01,-14.5
460,1914-05-01,-0.3
461,1914-06-01,-16.8
462,1914-07-01,-18.0
463,1914-08-01,-17.2
464,1914-09-01,-12.4
465,1914-10-01,-8.6
466,1914-11-01,-11.9
467,1914-12-01,-1.4
468,1915-01-01,-21.6
469,1915-02-01,-2.2
470,1915-03-01,-20.4
471,1915-04-01,-17.8
472,1915-05-01,-12.2
473,1915-06-01,6.6
474,1915-07-01,14.0
475,1915-08-01,7.2
476,1915-09-01,7.5
477,1915-10-01,2.4
478,1915-11-01,-14.6
479,1915-12-01,9.8
480,1916-01-01,5.6
481,1916-02-01,-3.6
482,1916-03-01,-6.3
483,1916-04-01,-0.5
484,1916-05-01,6.8
485,1916-06-01,9.1
486,1916-07-01,25.7
487,1916-08-01,16.2
488,1916-09-01,4.5
489,1916-10-01,6.1
490,1916-11-01,9.8
491,1916-12-01,15.4
492,1917-01-01,5.1
493,1917-02-01,10.0
494,1917-03-01,18.1
495,1917-04-01,21.8
496,1917-05-01,21.8
497,1917-06-01,21.2
498,1917-07-01,28.3
499,1917-08-01,34.8
500,1917-09-01,29.7
501,1917-10-01,15.2
502,1917-11-01,21.0
503,1917-12-01,22.5
504,1918-01-01,14.6
505,1918-02-01,16.6
506,1918-03-01,-2.0
507,1918-04-01,16.8
508,1918-05-01,10.0
509,1918-06-01,-4.7
510,1918-07-01,-14.1
511,1918-08-01,-4.4
512,1918-09-01,-8.2
513,1918-10-01,-5.0
514,1918-11-01,1.3
515,1918-12-01,-8.0
516,1919-01-01,-14.9
517,1919-02-01,-11.2
518,1919-03-01,-12.8
519,1919-04-01,-3.0
520,1919-05-01,-7.4
521,1919-06-01,-10.4
522,1919-07-01,-8.9
523,1919-08-01,-6.9
524,1919-09-01,-5.8
525,1919-10-01,-10.5
526,1919-11-01,-11.3
527,1919-12-01,-9.1
528,1920-01-01,1.8
529,1920-02-01,-1.7
530,1920-03-01,-4.1
531,1920-04-01,0.3
532,1920-05-01,-2.7
533,1920-06-01,6.6
534,1920-07-01,9.4
535,1920-08-01,5.3
536,1920-09-01,5.1
537,1920-10-01,-4.3
538,1920-11-01,-0.1
539,1920-12-01,9.8
540,1921-01-01,10.8
541,1921-02-01,6.7
542,1921-03-01,8.9
543,1921-04-01,-7.1
544,1921-05-01,2.1
545,1921-06-01,22.0
546,1921-07-01,2.9
547,1921-08-01,-6.9
548,1921-09-01,5.1
549,1921-10-01,9.7
550,1921-11-01,8.5
551,1921-12-01,8.2
552,1922-01-01,8.0
553,1922-02-01,9.1
554,1922-03-01,5.6
555,1922-04-01,-5.5
556,1922-05-01,-5.1
557,1922-06-01,5.8
558,1922-07-01,2.2
559,1922-08-01,-1.2
560,1922-09-01,5.1
561,1922-10-01,6.1
562,1922-11-01,8.5
563,1922-12-01,11.8
564,1923-01-01,5.6
565,1923-02-01,4.4
566,1923-03-01,8.9
567,1923-04-01,8.6
568,1923-05-01,2.1
569,1923-06-01,1.0
570,1923-07-01,-11.5
571,1923-08-01,-18.5
572,1923-09-01,-14.8
573,1923-10-01,-6.2
574,1923-11-01,-12.6
575,1923-12-01,2.1
576,1924-01-01,-5.4
577,1924-02-01,1.1
578,1924-03-01,2.4
579,1924-04-01,-15.4
580,1924-05-01,11.5
581,1924-06-01,8.3
582,1924-07-01,7.4
583,1924-08-01,10.4
584,1924-09-01,8.1
585,1924-10-01,7.9
586,1924-11-01,11.8
587,1924-12-01,5.2
588,1925-01-01,5.6
589,1925-02-01,13.8
590,1925-03-01,14.9
591,1925-04-01,14.4
592,1925-05-01,-1.1
593,1925-06-01,-4.7
594,1925-07-01,-13.4
595,1925-08-01,-10.8
596,1925-09-01,-6.4
597,1925-10-01,-12.9
598,1925-11-01,-9.3
599,1925-12-01,-7.0
600,1926-01-01,-5.4
601,1926-02-01,-14.5
602,1926-03-01,-13.3
603,1926-04-01,-7.1
604,1926-05-01,-2.7
605,1926-06-01,-7.1
606,1926-07-01,-1.0
607,1926-08-01,-7.6
608,1926-09-01,1.4
609,1926-10-01,4.2
610,1926-11-01,1.3
611,1926-12-01,6.2
612,1927-01-01,5.1
613,1927-02-01,1.1
614,1927-03-01,18.1
615,1927-04-01,6.9
616,1927-05-01,6.0
617,1927-06-01,8.3
618,1927-07-01,6.1
619,1927-08-01,-5.0
620,1927-09-01,-0.4
621,1927-10-01,-4.3
622,1927-11-01,-8.0
623,1927-12-01,7.7
624,1928-01-01,-10.1
625,1928-02-01,10.5
626,1928-03-01,13.8
627,1928-04-01,11.9
628,1928-05-01,-2.7
629,1928-06-01,-7.9
630,1928-07-01,-0.4
631,1928-08-01,9.8
632,1928-09-01,8.1
633,1928-10-01,9.1
634,1928-11-01,2.6
635,1928-12-01,11.8
636,1929-01-01,16.0
637,1929-02-01,18.0
638,1929-03-01,5.1
639,1929-04-01,4.5
640,1929-05-01,-12.2
641,1929-06-01,1.0
642,1929-07-01,1.6
643,1929-08-01,0.1
644,1929-09-01,-0.4
645,1929-10-01,7.9
646,1929-11-01,11.1
647,1929-12-01,5.7
648,1930-01-01,12.7
649,1930-02-01,7.7
650,1930-03-01,1.8
651,1930-04-01,-3.8
652,1930-05-01,2.1
653,1930-06-01,-5.5
654,1930-07-01,-4.3
655,1930-08-01,-1.8
656,1930-09-01,-7.0
657,1930-10-01,3.6
658,1930-11-01,1.9
659,1930-12-01,-1.4
660,1931-01-01,7.0
661,1931-02-01,-14.9
662,1931-03-01,5.6
663,1931-04-01,8.6
664,1931-05-01,13.1
665,1931-06-01,18.8
666,1931-07-01,9.4
667,1931-08-01,0.1
668,1931-09-01,5.1
669,1931-10-01,-12.9
670,1931-11-01,-4.7
671,1931-12-01,4.7
672,1932-01-01,1.8
673,1932-02-01,-3.6
674,1932-03-01,-2.5
675,1932-04-01,-2.1
676,1932-05-01,2.8
677,1932-06-01,-4.7
678,1932-07-01,-5.0
679,1932-08-01,-6.9
680,1932-09-01,-8.8
681,1932-10-01,-4.3
682,1932-11-01,-4.7
683,1932-12-01,3.2
684,1933-01-01,-11.1
685,1933-02-01,4.9
686,1933-03-01,-2.0
687,1933-04-01,3.6
688,1933-05-01,6.0
689,1933-06-01,-3.9
690,1933-07-01,3.5
691,1933-08-01,-0.5
692,1933-09-01,2.0
693,1933-10-01,3.6
694,1933-11-01,7.2
695,1933-12-01,8.2
696,1934-01-01,6.5
697,1934-02-01,0.1
698,1934-03-01,0.2
699,1934-04-01,6.1
700,1934-05-01,-7.4
701,1934-06-01,10.7
702,1934-07-01,2.9
703,1934-08-01,-22.4
704,1934-09-01,-6.4
705,1934-10-01,4.2
706,1934-11-01,13.1
707,1934-12-01,-2.4
708,1935-01-01,6.5
709,1935-02-01,-4.6
710,1935-03-01,12.2
711,1935-04-01,2.8
712,1935-05-01,-6.6
713,1935-06-01,-2.3
714,1935-07-01,-0.4
715,1935-08-01,2.1
716,1935-09-01,6.3
717,1935-10-01,7.3
718,1935-11-01,3.9
719,1935-12-01,-4.0
720,1936-01-01,-2.0
721,1936-02-01,0.6
722,1936-03-01,1.8
723,1936-04-01,22.6
724,1936-05-01,4.4
725,1936-06-01,-1.5
726,1936-07-01,4.2
727,1936-08-01,-8.9
728,1936-09-01,2.6
729,1936-10-01,-0.1
730,1936-11-01,-13.9
731,1936-12-01,0.6
732,1937-01-01,9.4
733,1937-02-01,-5.0
734,1937-03-01,6.2
735,1937-04-01,2.0
736,1937-05-01,-0.3
737,1937-06-01,3.4
738,1937-07-01,-5.6
739,1937-08-01,3.3
740,1937-09-01,0.8
741,1937-10-01,-2.5
742,1937-11-01,-2.0
743,1937-12-01,6.7
744,1938-01-01,7.5
745,1938-02-01,3.4
746,1938-03-01,-3.6
747,1938-04-01,3.6
748,1938-05-01,13.1
749,1938-06-01,18.0
750,1938-07-01,18.5
751,1938-08-01,13.0
752,1938-09-01,7.5
753,1938-10-01,12.8
754,1938-11-01,1.9
755,1938-12-01,13.8
756,1939-01-01,17.0
757,1939-02-01,7.7
758,1939-03-01,11.6
759,1939-04-01,9.4
760,1939-05-01,-1.1
761,1939-06-01,-1.5
762,1939-07-01,8.1
763,1939-08-01,-0.5
764,1939-09-01,-9.4
765,1939-10-01,-14.7
766,1939-11-01,-8.0
767,1939-12-01,-8.6
768,1940-01-01,-0.1
769,1940-02-01,-4.1
770,1940-03-01,-10.6
771,1940-04-01,-9.6
772,1940-05-01,-14.5
773,1940-06-01,-19.3
774,1940-07-01,-15.4
775,1940-08-01,-18.5
776,1940-09-01,-19.6
777,1940-10-01,-18.4
778,1940-11-01,-6.7
779,1940-12-01,-29.4
780,1941-01-01,-9.7
781,1941-02-01,-15.4
782,1941-03-01,-10.6
783,1941-04-01,-11.2
784,1941-05-01,-6.6
785,1941-06-01,-14.4
786,1941-07-01,-20.6
787,1941-08-01,-19.1
788,1941-09-01,-8.2
789,1941-10-01,-20.2
790,1941-11-01,-9.3
791,1941-12-01,-8.6
792,1942-01-01,-13.0
793,1942-02-01,-3.6
794,1942-03-01,-5.8
795,1942-04-01,-5.5
796,1942-05-01,5.2
797,1942-06-01,8.3
798,1942-07-01,-1.0
799,1942-08-01,4.0
800,1942-09-01,8.7
801,1942-10-01,8.5
802,1942-11-01,-4.0
803,1942-12-01,13.8
804,1943-01-01,9.4
805,1943-02-01,10.5
806,1943-03-01,4.0
807,1943-04-01,13.5
808,1943-05-01,2.8
809,1943-06-01,-7.9
810,1943-07-01,2.9
811,1943-08-01,7.8
812,1943-09-01,5.7
813,1943-10-01,9.1
814,1943-11-01,3.9
815,1943-12-01,-8.6
816,1944-01-01,-8.2
817,1944-02-01,3.9
818,1944-03-01,5.6
819,1944-04-01,-5.5
820,1944-05-01,-1.1
821,1944-06-01,-3.9
822,1944-07-01,-8.9
823,1944-08-01,3.3
824,1944-09-01,2.6
825,1944-10-01,-8.6
826,1944-11-01,-6.7
827,1944-12-01,4.2
828,1945-01-01,5.1
829,1945-02-01,6.3
830,1945-03-01,13.2
831,1945-04-01,-7.1
832,1945-05-01,-0.3
833,1945-06-01,8.3
834,1945-07-01,3.5
835,1945-08-01,11.7
836,1945-09-01,8.7
837,1945-10-01,2.4
838,1945-11-01,-3.4
839,1945-12-01,6.7
840,1946-01-01,-2.5
841,1946-02-01,4.4
842,1946-03-01,-2.0
843,1946-04-01,-9.6
844,1946-05-01,-11.4
845,1946-06-01,-9.6
846,1946-07-01,-10.2
847,1946-08-01,-4.4
848,1946-09-01,-16.0
849,1946-10-01,-12.3
850,1946-11-01,-1.4
851,1946-12-01,-5.5
852,1947-01-01,-4.9
853,1947-02-01,-4.1
854,1947-03-01,11.6
855,1947-04-01,-4.6
856,1947-05-01,-13.7
857,1947-06-01,2.6
858,1947-07-01,9.4
859,1947-08-01,7.2
860,1947-09-01,11.7
861,1947-10-01,-1.9
862,1947-11-01,9.2
863,1947-12-01,5.2
864,1948-01-01,-3.0
865,1948-02-01,-2.7
866,1948-03-01,-4.1
867,1948-04-01,2.8
868,1948-05-01,3.6
869,1948-06-01,-4.7
870,1948-07-01,0.9
871,1948-08-01,-4.4
872,1948-09-01,-7.6
873,1948-10-01,6.1
874,1948-11-01,4.6
875,1948-12-01,-5.5
876,1949-01-01,-7.3
877,1949-02-01,2.0
878,1949-03-01,5.6
879,1949-04-01,1.2
880,1949-05-01,-5.8
881,1949-06-01,-12.0
882,1949-07-01,-1.7
883,1949-08-01,-4.4
884,1949-09-01,2.0
885,1949-10-01,5.4
886,1949-11-01,-6.0
887,1949-12-01,7.7
888,1950-01-01,5.1
889,1950-02-01,17.6
890,1950-03-01,17.6
891,1950-04-01,16.8
892,1950-05-01,7.6
893,1950-06-01,26.9
894,1950-07-01,21.1
895,1950-08-01,12.3
896,1950-09-01,6.9
897,1950-10-01,17.1
898,1950-11-01,12.5
899,1950-12-01,23.0
900,1951-01-01,16.5
901,1951-02-01,9.6
902,1951-03-01,-1.4
903,1951-04-01,-1.3
904,1951-05-01,-6.6
905,1951-06-01,5.0
906,1951-07-01,-8.2
907,1951-08-01,-0.5
908,1951-09-01,-7.0
909,1951-10-01,-8.0
910,1951-11-01,-3.4
911,1951-12-01,-3.0
912,1952-01-01,-9.2
913,1952-02-01,-7.9
914,1952-03-01,0.2
915,1952-04-01,-8.8
916,1952-05-01,6.0
917,1952-06-01,7.4
918,1952-07-01,3.5
919,1952-08-01,-3.7
920,1952-09-01,-3.4
921,1952-10-01,1.8
922,1952-11-01,-0.7
923,1952-12-01,-12.6
924,1953-01-01,2.2
925,1953-02-01,-6.0
926,1953-03-01,-5.8
927,1953-04-01,-0.5
928,1953-05-01,-31.9
929,1953-06-01,-2.3
930,1953-07-01,-1.0
931,1953-08-01,-17.2
932,1953-09-01,-13.0
933,1953-10-01,-0.1
934,1953-11-01,-2.0
935,1953-12-01,-4.0
936,1954-01-01,6.0
937,1954-02-01,-3.6
938,1954-03-01,-0.9
939,1954-04-01,6.9
940,1954-05-01,4.4
941,1954-06-01,-1.5
942,1954-07-01,4.2
943,1954-08-01,10.4
944,1954-09-01,4.5
945,1954-10-01,1.8
946,1954-11-01,3.9
947,1954-12-01,12.8
948,1955-01-01,-5.4
949,1955-02-01,15.2
950,1955-03-01,2.9
951,1955-04-01,-3.0
952,1955-05-01,13.1
953,1955-06-01,16.4
954,1955-07-01,19.2
955,1955-08-01,14.9
956,1955-09-01,14.1
957,1955-10-01,15.2
958,1955-11-01,15.1
959,1955-12-01,9.3
960,1956-01-01,11.3
961,1956-02-01,12.4
962,1956-03-01,9.4
963,1956-04-01,11.1
964,1956-05-01,17.9
965,1956-06-01,12.3
966,1956-07-01,12.6
967,1956-08-01,11.0
968,1956-09-01,0.2
969,1956-10-01,18.3
970,1956-11-01,1.9
971,1956-12-01,10.3
972,1957-01-01,5.6
973,1957-02-01,-2.2
974,1957-03-01,-0.9
975,1957-04-01,1.2
976,1957-05-01,-12.2
977,1957-06-01,-2.3
978,1957-07-01,0.9
979,1957-08-01,-9.5
980,1957-09-01,-10.6
981,1957-10-01,-1.3
982,1957-11-01,-11.9
983,1957-12-01,-3.5
984,1958-01-01,-16.8
985,1958-02-01,-6.9
986,1958-03-01,-1.4
987,1958-04-01,1.2
988,1958-05-01,-8.2
989,1958-06-01,0.2
990,1958-07-01,2.2
991,1958-08-01,7.8
992,1958-09-01,-3.4
993,1958-10-01,-1.9
994,1958-11-01,-4.7
995,1958-12-01,-6.5
996,1959-01-01,-8.7
997,1959-02-01,-14.0
998,1959-03-01,8.4
999,1959-04-01,3.6
1000,1959-05-01,2.8
1001,1959-06-01,-6.3
1002,1959-07-01,-5.0
1003,1959-08-01,-5.0
1004,1959-09-01,0.2
1005,1959-10-01,4.2
1006,1959-11-01,11.1
1007,1959-12-01,8.2
1008,1960-01-01,0.3
1009,1960-02-01,-2.2
1010,1960-03-01,5.6
1011,1960-04-01,7.8
1012,1960-05-01,5.2
1013,1960-06-01,-2.3
1014,1960-07-01,4.8
1015,1960-08-01,6.6
1016,1960-09-01,6.9
1017,1960-10-01,-0.7
1018,1960-11-01,7.2
1019,1960-12-01,6.7
1020,1961-01-01,-2.5
1021,1961-02-01,6.3
1022,1961-03-01,-20.9
1023,1961-04-01,9.4
1024,1961-05-01,1.3
1025,1961-06-01,-3.1
1026,1961-07-01,2.2
1027,1961-08-01,0.1
1028,1961-09-01,0.8
1029,1961-10-01,-5.0
1030,1961-11-01,7.2
1031,1961-12-01,13.8
1032,1962-01-01,17.0
1033,1962-02-01,5.3
1034,1962-03-01,-1.4
1035,1962-04-01,1.2
1036,1962-05-01,12.3
1037,1962-06-01,5.0
1038,1962-07-01,-0.4
1039,1962-08-01,4.6
1040,1962-09-01,5.1
1041,1962-10-01,10.3
1042,1962-11-01,5.2
1043,1962-12-01,0.6
1044,1963-01-01,9.4
1045,1963-02-01,3.0
1046,1963-03-01,7.3
1047,1963-04-01,6.1
1048,1963-05-01,2.8
1049,1963-06-01,-9.6
1050,1963-07-01,-1.0
1051,1963-08-01,-2.4
1052,1963-09-01,-5.2
1053,1963-10-01,-12.9
1054,1963-11-01,-9.3
1055,1963-12-01,-11.6
1056,1964-01-01,-4.0
1057,1964-02-01,-0.3
1058,1964-03-01,8.4
1059,1964-04-01,13.5
1060,1964-05-01,2.8
1061,1964-06-01,7.4
1062,1964-07-01,6.8
1063,1964-08-01,14.3
1064,1964-09-01,14.1
1065,1964-10-01,12.8
1066,1964-11-01,2.6
1067,1964-12-01,-3.0
1068,1965-01-01,-4.0
1069,1965-02-01,1.6
1070,1965-03-01,2.9
1071,1965-04-01,-12.9
1072,1965-05-01,-0.3
1073,1965-06-01,-12.8
1074,1965-07-01,-22.6
1075,1965-08-01,-11.4
1076,1965-09-01,-14.2
1077,1965-10-01,-11.1
1078,1965-11-01,-17.9
1079,1965-12-01,1.6
1080,1966-01-01,-12.0
1081,1966-02-01,-4.1
1082,1966-03-01,-13.9
1083,1966-04-01,-7.1
1084,1966-05-01,-9.0
1085,1966-06-01,1.0
1086,1966-07-01,-1.0
1087,1966-08-01,4.0
1088,1966-09-01,-2.2
1089,1966-10-01,-2.5
1090,1966-11-01,-0.1
1091,1966-12-01,-4.0
1092,1967-01-01,14.6
1093,1967-02-01,12.9
1094,1967-03-01,7.8
1095,1967-04-01,-3.0
1096,1967-05-01,-3.5
1097,1967-06-01,6.6
1098,1967-07-01,1.6
1099,1967-08-01,5.9
1100,1967-09-01,5.1
1101,1967-10-01,-0.1
1102,1967-11-01,-4.0
1103,1967-12-01,-5.5
1104,1968-01-01,4.1
1105,1968-02-01,9.6
1106,1968-03-01,-3.0
1107,1968-04-01,-3.0
1108,1968-05-01,14.7
1109,1968-06-01,12.3
1110,1968-07-01,7.4
1111,1968-08-01,0.1
1112,1968-09-01,-2.8
1113,1968-10-01,-1.9
1114,1968-11-01,-3.4
1115,1968-12-01,2.1
1116,1969-01-01,-13.5
1117,1969-02-01,-6.9
1118,1969-03-01,1.8
1119,1969-04-01,-8.8
1120,1969-05-01,-6.6
1121,1969-06-01,-0.6
1122,1969-07-01,-6.9
1123,1969-08-01,-4.4
1124,1969-09-01,-10.6
1125,1969-10-01,-11.7
1126,1969-11-01,-0.1
1127,1969-12-01,3.7
1128,1970-01-01,-10.1
1129,1970-02-01,-10.7
1130,1970-03-01,1.8
1131,1970-04-01,-4.6
1132,1970-05-01,2.1
1133,1970-06-01,9.9
1134,1970-07-01,-5.6
1135,1970-08-01,4.0
1136,1970-09-01,12.9
1137,1970-10-01,10.3
1138,1970-11-01,19.7
1139,1970-12-01,17.4
1140,1971-01-01,2.7
1141,1971-02-01,15.7
1142,1971-03-01,19.2
1143,1971-04-01,22.6
1144,1971-05-01,9.2
1145,1971-06-01,2.6
1146,1971-07-01,1.6
1147,1971-08-01,14.9
1148,1971-09-01,15.9
1149,1971-10-01,17.7
1150,1971-11-01,7.2
1151,1971-12-01,2.1
1152,1972-01-01,3.7
1153,1972-02-01,8.2
1154,1972-03-01,2.4
1155,1972-04-01,-5.5
1156,1972-05-01,-16.1
1157,1972-06-01,-12.0
1158,1972-07-01,-18.6
1159,1972-08-01,-8.9
1160,1972-09-01,-14.8
1161,1972-10-01,-11.1
1162,1972-11-01,-3.4
1163,1972-12-01,-12.1
1164,1973-01-01,-3.0
1165,1973-02-01,-13.5
1166,1973-03-01,0.8
1167,1973-04-01,-2.1
1168,1973-05-01,2.8
1169,1973-06-01,12.3
1170,1973-07-01,6.1
1171,1973-08-01,12.3
1172,1973-09-01,13.5
1173,1973-10-01,9.7
1174,1973-11-01,31.6
1175,1973-12-01,16.9
1176,1974-01-01,20.8
1177,1974-02-01,16.2
1178,1974-03-01,20.3
1179,1974-04-01,11.1
1180,1974-05-01,10.7
1181,1974-06-01,2.6
1182,1974-07-01,12.0
1183,1974-08-01,6.6
1184,1974-09-01,12.3
1185,1974-10-01,8.5
1186,1974-11-01,-1.4
1187,1974-12-01,-0.9
1188,1975-01-01,-4.9
1189,1975-02-01,5.3
1190,1975-03-01,11.6
1191,1975-04-01,14.4
1192,1975-05-01,6.0
1193,1975-06-01,15.5
1194,1975-07-01,21.1
1195,1975-08-01,20.7
1196,1975-09-01,22.5
1197,1975-10-01,17.7
1198,1975-11-01,13.8
1199,1975-12-01,19.5
1200,1976-01-01,11.8
1201,1976-02-01,12.9
1202,1976-03-01,13.2
1203,1976-04-01,1.2
1204,1976-05-01,2.1
1205,1976-06-01,0.2
1206,1976-07-01,-12.8
1207,1976-08-01,-12.1
1208,1976-09-01,-13.0
1209,1976-10-01,3.0
1210,1976-11-01,9.8
1211,1976-12-01,-3.0
1212,1977-01-01,-4.0
1213,1977-02-01,7.7
1214,1977-03-01,-9.5
1215,1977-04-01,-9.6
1216,1977-05-01,-11.4
1217,1977-06-01,-17.7
1218,1977-07-01,-14.7
1219,1977-08-01,-12.1
1220,1977-09-01,-9.4
1221,1977-10-01,-12.9
1222,1977-11-01,-14.6
1223,1977-12-01,-10.6
1224,1978-01-01,-3.0
1225,1978-02-01,-24.4
1226,1978-03-01,-5.8
1227,1978-04-01,-7.9
1228,1978-05-01,16.3
1229,1978-06-01,5.8
1230,1978-07-01,6.1
1231,1978-08-01,1.4
1232,1978-09-01,0.8
1233,1978-10-01,-6.2
1234,1978-11-01,-2.0
1235,1978-12-01,-0.9
1236,1979-01-01,-4.0
1237,1979-02-01,6.7
1238,1979-03-01,-3.0
1239,1979-04-01,-5.5
1240,1979-05-01,3.6
1241,1979-06-01,5.8
1242,1979-07-01,-8.2
1243,1979-08-01,-5.0
1244,1979-09-01,1.4
1245,1979-10-01,-2.5
1246,1979-11-01,-4.7
1247,1979-12-01,-7.5
1248,1980-01-01,3.2
1249,1980-02-01,1.1
1250,1980-03-01,-8.5
1251,1980-04-01,-12.9
1252,1980-05-01,-3.5
1253,1980-06-01,-4.7
1254,1980-07-01,-1.7
1255,1980-08-01,1.4
1256,1980-09-01,-5.2
1257,1980-10-01,-1.9
1258,1980-11-01,-3.4
1259,1980-12-01,-0.9
1260,1981-01-01,2.7
1261,1981-02-01,-3.2
1262,1981-03-01,-16.6
1263,1981-04-01,-5.5
1264,1981-05-01,7.6
1265,1981-06-01,11.5
1266,1981-07-01,9.4
1267,1981-08-01,5.9
1268,1981-09-01,7.5
1269,1981-10-01,-5.0
1270,1981-11-01,2.6
1271,1981-12-01,4.7
1272,1982-01-01,9.4
1273,1982-02-01,0.6
1274,1982-03-01,2.4
1275,1982-04-01,-3.8
1276,1982-05-01,-8.2
1277,1982-06-01,-20.1
1278,1982-07-01,-19.3
1279,1982-08-01,-23.6
1280,1982-09-01,-21.4
1281,1982-10-01,-20.2
1282,1982-11-01,-31.1
1283,1982-12-01,-21.3
1284,1983-01-01,-30.6
1285,1983-02-01,-33.3
1286,1983-03-01,-28.0
1287,1983-04-01,-17.0
1288,1983-05-01,6.0
1289,1983-06-01,-3.1
1290,1983-07-01,-7.6
1291,1983-08-01,0.1
1292,1983-09-01,9.9
1293,1983-10-01,4.2
1294,1983-11-01,-0.7
1295,1983-12-01,0.1
1296,1984-01-01,1.3
1297,1984-02-01,5.8
1298,1984-03-01,-5.8
1299,1984-04-01,2.0
1300,1984-05-01,-0.3
1301,1984-06-01,-8.7
1302,1984-07-01,2.2
1303,1984-08-01,2.7
1304,1984-09-01,2.0
1305,1984-10-01,-5.0
1306,1984-11-01,3.9
1307,1984-12-01,-1.4
1308,1985-01-01,-3.5
1309,1985-02-01,6.7
1310,1985-03-01,-2.0
1311,1985-04-01,14.4
1312,1985-05-01,2.8
1313,1985-06-01,-9.6
1314,1985-07-01,-2.3
1315,1985-08-01,8.5
1316,1985-09-01,0.2
1317,1985-10-01,-5.6
1318,1985-11-01,-1.4
1319,1985-12-01,2.1
1320,1986-01-01,8.0
1321,1986-02-01,-10.7
1322,1986-03-01,0.8
1323,1986-04-01,1.2
1324,1986-05-01,-6.6
1325,1986-06-01,10.7
1326,1986-07-01,2.2
1327,1986-08-01,-7.6
1328,1986-09-01,-5.2
1329,1986-10-01,6.1
1330,1986-11-01,-13.9
1331,1986-12-01,-13.6
1332,1987-01-01,-6.3
1333,1987-02-01,-12.6
1334,1987-03-01,-16.6
1335,1987-04-01,-24.4
1336,1987-05-01,-21.6
1337,1987-06-01,-20.1
1338,1987-07-01,-18.6
1339,1987-08-01,-14.0
1340,1987-09-01,-11.2
1341,1987-10-01,-5.6
1342,1987-11-01,-1.4
1343,1987-12-01,-4.5
1344,1988-01-01,-1.1
1345,1988-02-01,-5.0
1346,1988-03-01,2.4
1347,1988-04-01,-1.3
1348,1988-05-01,10.0
1349,1988-06-01,-3.9
1350,1988-07-01,11.3
1351,1988-08-01,14.9
1352,1988-09-01,20.1
1353,1988-10-01,14.6
1354,1988-11-01,21.0
1355,1988-12-01,10.8
1356,1989-01-01,13.2
1357,1989-02-01,9.1
1358,1989-03-01,6.7
1359,1989-04-01,21.0
1360,1989-05-01,14.7
1361,1989-06-01,7.4
1362,1989-07-01,9.4
1363,1989-08-01,-6.3
1364,1989-09-01,5.7
1365,1989-10-01,7.3
1366,1989-11-01,-2.0
1367,1989-12-01,-5.0
1368,1990-01-01,-1.1
1369,1990-02-01,-17.3
1370,1990-03-01,-8.5
1371,1990-04-01,-0.5
1372,1990-05-01,13.1
1373,1990-06-01,1.0
1374,1990-07-01,5.5
1375,1990-08-01,-5.0
1376,1990-09-01,-7.6
1377,1990-10-01,1.8
1378,1990-11-01,-5.3
1379,1990-12-01,-2.4
1380,1991-01-01,5.1
1381,1991-02-01,0.6
1382,1991-03-01,-10.6
1383,1991-04-01,-12.9
1384,1991-05-01,-19.3
1385,1991-06-01,-5.5
1386,1991-07-01,-1.7
1387,1991-08-01,-7.6
1388,1991-09-01,-16.6
1389,1991-10-01,-12.9
1390,1991-11-01,-7.3
1391,1991-12-01,-16.7
1392,1992-01-01,-25.4
1393,1992-02-01,-9.3
1394,1992-03-01,-24.2
1395,1992-04-01,-18.7
1396,1992-05-01,0.5
1397,1992-06-01,-12.8
1398,1992-07-01,-6.9
1399,1992-08-01,1.4
1400,1992-09-01,0.8
1401,1992-10-01,-17.2
1402,1992-11-01,-7.3
1403,1992-12-01,-5.5
1404,1993-01-01,-8.2
1405,1993-02-01,-7.9
1406,1993-03-01,-8.5
1407,1993-04-01,-21.1
1408,1993-05-01,-8.2
1409,1993-06-01,-16.0
1410,1993-07-01,-10.8
1411,1993-08-01,-14.0
1412,1993-09-01,-7.6
1413,1993-10-01,-13.5
1414,1993-11-01,0.6
1415,1993-12-01,1.6
1416,1994-01-01,-1.6
1417,1994-02-01,0.6
1418,1994-03-01,-10.6
1419,1994-04-01,-22.8
1420,1994-05-01,-13.0
1421,1994-06-01,-10.4
1422,1994-07-01,-18.0
1423,1994-08-01,-17.2
1424,1994-09-01,-17.2
1425,1994-10-01,-14.1
1426,1994-11-01,-7.3
1427,1994-12-01,-11.6
1428,1995-01-01,-4.0
1429,1995-02-01,-2.7
1430,1995-03-01,3.5
1431,1995-04-01,-16.2
1432,1995-05-01,-9.0
1433,1995-06-01,-1.5
1434,1995-07-01,4.2
1435,1995-08-01,0.8
1436,1995-09-01,3.2
1437,1995-10-01,-1.3
1438,1995-11-01,1.3
1439,1995-12-01,-5.5
1440,1996-01-01,8.4
1441,1996-02-01,1.1
1442,1996-03-01,6.2
1443,1996-04-01,7.8
1444,1996-05-01,1.3
1445,1996-06-01,13.9
1446,1996-07-01,6.8
1447,1996-08-01,4.6
1448,1996-09-01,6.9
1449,1996-10-01,4.2
1450,1996-11-01,-0.1
1451,1996-12-01,7.2
1452,1997-01-01,4.1
1453,1997-02-01,13.3
1454,1997-03-01,-8.5
1455,1997-04-01,-16.2
1456,1997-05-01,-22.4
1457,1997-06-01,-24.1
1458,1997-07-01,-9.5
1459,1997-08-01,-19.8
1460,1997-09-01,-14.8
1461,1997-10-01,-17.8
1462,1997-11-01,-15.2
1463,1997-12-01,-9.1
1464,1998-01-01,-23.5
1465,1998-02-01,-19.2
1466,1998-03-01,-28.5
1467,1998-04-01,-24.4
1468,1998-05-01,0.5
1469,1998-06-01,9.9
1470,1998-07-01,14.6
1471,1998-08-01,9.8
1472,1998-09-01,11.1
1473,1998-10-01,10.9
1474,1998-11-01,12.5
1475,1998-12-01,13.3
1476,1999-01-01,15.6
1477,1999-02-01,8.6
1478,1999-03-01,8.9
1479,1999-04-01,18.5
1480,1999-05-01,1.3
1481,1999-06-01,1.0
1482,1999-07-01,4.8
1483,1999-08-01,2.1
1484,1999-09-01,-0.4
1485,1999-10-01,9.1
1486,1999-11-01,13.1
1487,1999-12-01,12.8
1488,2000-01-01,5.1
1489,2000-02-01,12.9
1490,2000-03-01,9.4
1491,2000-04-01,16.8
1492,2000-05-01,3.6
1493,2000-06-01,-5.5
1494,2000-07-01,-3.7
1495,2000-08-01,5.3
1496,2000-09-01,9.9
1497,2000-10-01,9.7
1498,2000-11-01,22.4
1499,2000-12-01,7.7
1500,2001-01-01,8.4
1501,2001-02-01,11.9
1502,2001-03-01,6.7
1503,2001-04-01,0.3
1504,2001-05-01,-9.0
1505,2001-06-01,1.8
1506,2001-07-01,-3.7
1507,2001-08-01,-8.2
1508,2001-09-01,1.4
1509,2001-10-01,-1.9
1510,2001-11-01,7.2
1511,2001-12-01,-9.1
1512,2002-01-01,2.7
1513,2002-02-01,7.7
1514,2002-03-01,-5.2
1515,2002-04-01,-3.8
1516,2002-05-01,-14.5
1517,2002-06-01,-6.3
1518,2002-07-01,-7.6
1519,2002-08-01,-14.6
1520,2002-09-01,-8.2
1521,2002-10-01,-7.4
1522,2002-11-01,-6.0
1523,2002-12-01,-10.6
1524,2003-01-01,-2.0
1525,2003-02-01,-7.4
1526,2003-03-01,-6.8
1527,2003-04-01,-5.5
1528,2003-05-01,-7.4
1529,2003-06-01,-12.0
1530,2003-07-01,2.9
1531,2003-08-01,-1.8
1532,2003-09-01,-2.2
1533,2003-10-01,-1.9
1534,2003-11-01,-3.4
1535,2003-12-01,9.3
1536,2004-01-01,-11.6
1537,2004-02-01,9.1
1538,2004-03-01,0.2
1539,2004-04-01,-15.4
1540,2004-05-01,13.1
1541,2004-06-01,-15.2
1542,2004-07-01,-6.9
1543,2004-08-01,-7.6
1544,2004-09-01,-2.8
1545,2004-10-01,-3.7
1546,2004-11-01,-8.6
1547,2004-12-01,-8.0
1548,2005-01-01,1.8
1549,2005-02-01,-28.6
1550,2005-03-01,0.2
1551,2005-04-01,-11.2
1552,2005-05-01,-14.5
1553,2005-06-01,2.6
1554,2005-07-01,0.9
1555,2005-08-01,-6.9
1556,2005-09-01,3.9
1557,2005-10-01,10.9
1558,2005-11-01,-2.0
1559,2005-12-01,0.1
1560,2006-01-01,12.7
1561,2006-02-01,0.1
1562,2006-03-01,13.8
1563,2006-04-01,14.4
1564,2006-05-01,-9.8
1565,2006-06-01,-6.3
1566,2006-07-01,-7.6
1567,2006-08-01,-15.9
1568,2006-09-01,-5.8
1569,2006-10-01,-16.0
1570,2006-11-01,-1.4
1571,2006-12-01,-3.5
1572,2007-01-01,-7.8
1573,2007-02-01,-2.7
1574,2007-03-01,-1.4
1575,2007-04-01,-3.0
1576,2007-05-01,-2.7
1577,2007-06-01,5.0
1578,2007-07-01,-5.0
1579,2007-08-01,2.7
1580,2007-09-01,1.4
1581,2007-10-01,5.4
1582,2007-11-01,9.2
1583,2007-12-01,14.4
1584,2008-01-01,14.1
1585,2008-02-01,21.3
1586,2008-03-01,12.2
1587,2008-04-01,4.5
1588,2008-05-01,-3.5
1589,2008-06-01,4.2
1590,2008-07-01,2.2
1591,2008-08-01,9.1
1592,2008-09-01,13.5
1593,2008-10-01,13.4
1594,2008-11-01,17.1
1595,2008-12-01,13.3
1596,2009-01-01,9.4
1597,2009-02-01,14.8
1598,2009-03-01,0.2
1599,2009-04-01,8.6
1600,2009-05-01,-7.4
1601,2009-06-01,-2.3
1602,2009-07-01,1.6
1603,2009-08-01,-5.0
1604,2009-09-01,3.9
1605,2009-10-01,-14.7
1606,2009-11-01,-6.0
1607,2009-12-01,-7.0
1608,2010-01-01,-10.1
1609,2010-02-01,-14.5
1610,2010-03-01,-10.6
1611,2010-04-01,15.2
1612,2010-05-01,10.0
1613,2010-06-01,1.8
1614,2010-07-01,20.5
1615,2010-08-01,18.8
1616,2010-09-01,24.9
1617,2010-10-01,18.3
1618,2010-11-01,16.4
1619,2010-12-01,27.1
1620,2011-01-01,19.9
1621,2011-02-01,22.3
1622,2011-03-01,21.4
1623,2011-04-01,25.1
1624,2011-05-01,2.1
1625,2011-06-01,0.2
1626,2011-07-01,10.7
1627,2011-08-01,2.1
1628,2011-09-01,11.7
1629,2011-10-01,7.3
1630,2011-11-01,13.8
1631,2011-12-01,23.0
1632,2012-01-01,9.4
1633,2012-02-01,2.5
1634,2012-03-01,2.9
1635,2012-04-01,-7.1
1636,2012-05-01,-2.7
1637,2012-06-01,-10.4
1638,2012-07-01,-1.7
1639,2012-08-01,-5.0
1640,2012-09-01,2.6
1641,2012-10-01,2.4
1642,2012-11-01,3.9
1643,2012-12-01,-6.0
1644,2013-01-01,-1.1
1645,2013-02-01,-3.6
1646,2013-03-01,10.5
1647,2013-04-01,0.3
1648,2013-05-01,8.4
1649,2013-06-01,13.9
1650,2013-07-01,8.1
1651,2013-08-01,-0.5
1652,2013-09-01,3.9
1653,2013-10-01,-1.9
1654,2013-11-01,9.2
1655,2013-12-01,0.6
1656,2014-01-01,12.2
1657,2014-02-01,-1.3
1658,2014-03-01,-13.3
1659,2014-04-01,8.6
1660,2014-05-01,4.4
1661,2014-06-01,-1.5
1662,2014-07-01,-3.0
1663,2014-08-01,-11.4
1664,2014-09-01,-7.6
1665,2014-10-01,-8.0
1666,2014-11-01,-10.0
1667,2014-12-01,-5.5
1668,2015-01-01,-7.8
1669,2015-02-01,0.6
1670,2015-03-01,-11.2
1671,2015-04-01,-3.8
1672,2015-05-01,-13.7
1673,2015-06-01,-12.0
1674,2015-07-01,-14.7
1675,2015-08-01,-19.8
1676,2015-09-01,-17.8
1677,2015-10-01,-20.2
1678,2015-11-01,-5.3
1679,2015-12-01,-9.1
1680,2016-01-01,-19.7
1681,2016-02-01,-19.7
1682,2016-03-01,-4.7
1683,2016-04-01,-22.0
1684,2016-05-01,2.8
1685,2016-06-01,5.8
1686,2016-07-01,4.2
1687,2016-08-01,5.3
1688,2016-09-01,13.5
1689,2016-10-01,-4.3
1690,2016-11-01,-0.7
1691,2016-12-01,2.6
1692,2017-01-01,1.3
1693,2017-02-01,-2.2
1694,2017-03-01,5.1
1695,2017-04-01,-6.3
1696,2017-05-01,0.5
1697,2017-06-01,-10.4
1698,2017-07-01,8.1
1699,2017-08-01,3.3
1700,2017-09-01,6.9
1701,2017-10-01,9.1
1702,2017-11-01,11.8
1703,2017-12-01,-1.4
1704,2018-01-01,8.9
1705,2018-02-01,-6.0
1706,2018-03-01,10.5
1707,2018-04-01,4.5
1708,2018-05-01,2.1
1709,2018-06-01,-5.5
1710,2018-07-01,1.6
1711,2018-08-01,-6.9
1712,2018-09-01,-10.0
1713,2018-10-01,3.0
1714,2018-11-01,-0.1
1715,2018-12-01,9.3
1716,2019-01-01,-0.6
1717,2019-02-01,-13.5
1718,2019-03-01,-6.8
1719,2019-04-01,-1.3
1720,2019-05-01,-9.0
1721,2019-06-01,-10.4
1722,2019-07-01,-5.6
1723,2019-08-01,-4.4
1724,2019-09-01,-12.4
1725,2019-10-01,-5.6
1726,2019-11-01,-9.3
1727,2019-12-01,-5.5
1728,2020-01-01,1.3
1729,2020-02-01,-2.2
1730,2020-03-01,-5.2
1731,2020-04-01,-0.5
1732,2020-05-01,2.8
1733,2020-06-01,-9.6
1734,2020-07-01,4.2
1735,2020-08-01,9.8
1736,2020-09-01,10.5
1737,2020-10-01,4.2
1738,2020-11-01,9.2
